step,absolute_step,portfolio_load,district_target
0,3624,27.43962824344635,23.366495531833333
1,3625,25.70618799328804,23.366495531833333
2,3626,21.798708826303482,23.366495531833333
3,3627,26.54233607649803,23.366495531833333
4,3628,20.899302542209625,23.366495531833333
5,3629,24.880987152457237,23.366495531833333
6,3630,36.54381901025772,23.366495531833333
7,3631,28.926875099539757,23.366495531833333
8,3632,29.93077054619789,23.366495531833333
9,3633,2.571024775505066,23.366495531833333
10,3634,11.736102819442749,23.366495531833333
11,3635,-4.35394012928009,23.366495531833333
12,3636,-3.084561824798584,23.366495531833333
13,3637,3.968098282814026,23.366495531833333
14,3638,20.56100285053253,23.366495531833333
15,3639,10.748960733413696,23.366495531833333
16,3640,-30.867065250873566,23.366495531833333
17,3641,7.1161975264549255,23.366495531833333
18,3642,-43.21352927386761,23.366495531833333
19,3643,16.43136481102556,23.366495531833333
20,3644,29.303514927625656,23.366495531833333
21,3645,50.262866765260696,23.366495531833333
22,3646,45.223431050777435,23.366495531833333
23,3647,29.50550204515457,23.366495531833333
24,3648,20.84761707484722,21.376344425041665
25,3649,20.600076392292976,21.376344425041665
26,3650,24.750464156270027,21.376344425041665
27,3651,18.834000304341316,21.376344425041665
28,3652,16.722184419631958,21.376344425041665
29,3653,23.240553081035614,21.376344425041665
30,3654,17.684814304113388,21.376344425041665
31,3655,22.21490153670311,21.376344425041665
32,3656,6.376741826534271,21.376344425041665
33,3657,-10.004697024822235,21.376344425041665
34,3658,34.169363021850586,21.376344425041665
35,3659,-11.48781943321228,21.376344425041665
36,3660,7.757786393165588,21.376344425041665
37,3661,-11.790230393409729,21.376344425041665
38,3662,-0.11000382900238037,21.376344425041665
39,3663,3.6742019653320312,21.376344425041665
40,3664,-31.800098776817322,21.376344425041665
41,3665,5.204148769378662,21.376344425041665
42,3666,-44.92933368682861,21.376344425041665
43,3667,-8.757784536108375,21.376344425041665
44,3668,21.763129115104675,21.376344425041665
45,3669,56.10955834388733,21.376344425041665
46,3670,46.785445749759674,21.376344425041665
47,3671,32.735936254262924,21.376344425041665
48,3672,16.184455528855324,20.970357171958337
49,3673,32.575077682733536,20.970357171958337
50,3674,16.610613375902176,20.970357171958337
51,3675,12.318848714232445,20.970357171958337
52,3676,19.84986260533333,20.970357171958337
53,3677,22.410446405410767,20.970357171958337
54,3678,21.26512575149536,20.970357171958337
55,3679,15.113937973976135,20.970357171958337
56,3680,27.18903023004532,20.970357171958337
57,3681,5.955908417701721,20.970357171958337
58,3682,40.84385824203491,20.970357171958337
59,3683,-5.178299903869629,20.970357171958337
60,3684,12.599811553955078,20.970357171958337
61,3685,-17.767045974731445,20.970357171958337
62,3686,11.637069582939148,20.970357171958337
63,3687,11.746559619903564,20.970357171958337
64,3688,-27.170742213726044,20.970357171958337
65,3689,3.522532045841217,20.970357171958337
66,3690,-35.57306706905365,20.970357171958337
67,3691,-13.419131059199572,20.970357171958337
68,3692,18.48535791039467,20.970357171958337
69,3693,38.23161754012108,20.970357171958337
70,3694,44.49294647574425,20.970357171958337
71,3695,30.356824234128,20.970357171958337
72,3696,20.65430150926113,20.546499519416667
73,3697,15.191109836101532,20.546499519416667
74,3698,19.18677231669426,20.546499519416667
75,3699,19.418310537934303,20.546499519416667
76,3700,24.369834274053574,20.546499519416667
77,3701,23.374606922268867,20.546499519416667
78,3702,25.061913542449474,20.546499519416667
79,3703,24.919993191957474,20.546499519416667
80,3704,15.865503564476967,20.546499519416667
81,3705,26.809675067663193,20.546499519416667
82,3706,32.349694550037384,20.546499519416667
83,3707,54.958732426166534,20.546499519416667
84,3708,8.698097705841064,20.546499519416667
85,3709,24.064836740493774,20.546499519416667
86,3710,-12.37969559431076,20.546499519416667
87,3711,28.25374472141266,20.546499519416667
88,3712,-19.579565227031708,20.546499519416667
89,3713,-3.737783372402191,20.546499519416667
90,3714,-27.823905110359192,20.546499519416667
91,3715,22.853193178772926,20.546499519416667
92,3716,19.944455683231354,20.546499519416667
93,3717,33.72105963528156,20.546499519416667
94,3718,47.152148485183716,20.546499519416667
95,3719,21.79422363638878,20.546499519416667
96,3720,23.181499257683754,18.291929004583334
97,3721,21.852707490324974,18.291929004583334
98,3722,18.415178880095482,18.291929004583334
99,3723,12.600844606757164,18.291929004583334
100,3724,13.838868007063866,18.291929004583334
101,3725,33.572275310754776,18.291929004583334
102,3726,14.632873304188251,18.291929004583334
103,3727,13.057851955294609,18.291929004583334
104,3728,-2.8407368659973145,18.291929004583334
105,3729,-24.66176402568817,18.291929004583334
106,3730,32.81389021873474,18.291929004583334
107,3731,-9.070186614990234,18.291929004583334
108,3732,1.609643578529358,18.291929004583334
109,3733,-11.09564745426178,18.291929004583334
110,3734,5.865793347358704,18.291929004583334
111,3735,14.27835077047348,18.291929004583334
112,3736,-28.10304605960846,18.291929004583334
113,3737,-5.189530789852142,18.291929004583334
114,3738,-53.19240292906761,18.291929004583334
115,3739,-13.915257629007101,18.291929004583334
116,3740,22.347287237644196,18.291929004583334
117,3741,37.180704072117805,18.291929004583334
118,3742,43.535183280706406,18.291929004583334
119,3743,25.608775570988655,18.291929004583334
120,3744,24.30999283492565,20.032670547625
121,3745,17.2564614713192,20.032670547625
122,3746,21.965777829289436,20.032670547625
123,3747,21.879311203956604,20.032670547625
124,3748,19.575184673070908,20.032670547625
125,3749,27.16087517142296,20.032670547625
126,3750,19.224428698420525,20.032670547625
127,3751,16.025752007961273,20.032670547625
128,3752,10.094086706638336,20.032670547625
129,3753,-6.761328101158142,20.032670547625
130,3754,31.300013542175293,20.032670547625
131,3755,-14.49750304222107,20.032670547625
132,3756,0.9358919858932495,20.032670547625
133,3757,-27.29490041732788,20.032670547625
134,3758,6.266047358512878,20.032670547625
135,3759,-16.504057228565216,20.032670547625
136,3760,-35.25690704584122,20.032670547625
137,3761,10.971528947353363,20.032670547625
138,3762,-55.00899988412857,20.032670547625
139,3763,-21.7190045081079,20.032670547625
140,3764,24.165073573589325,20.032670547625
141,3765,38.87179505825043,20.032670547625
142,3766,40.771290719509125,20.032670547625
143,3767,26.92750133574009,20.032670547625
144,3768,24.59281152486801,20.356232952958333
145,3769,17.076935678720474,20.356232952958333
146,3770,17.743954986333847,20.356232952958333
147,3771,22.03005860745907,20.356232952958333
148,3772,21.20145183801651,20.356232952958333
149,3773,32.81687615811825,20.356232952958333
150,3774,30.759984768927097,20.356232952958333
151,3775,22.26789328455925,20.356232952958333
152,3776,1.732432335615158,20.356232952958333
153,3777,2.617508888244629,20.356232952958333
154,3778,41.18573445081711,20.356232952958333
155,3779,-2.6750900745391846,20.356232952958333
156,3780,-8.750808954238892,20.356232952958333
157,3781,-4.292641878128052,20.356232952958333
158,3782,-7.539087176322937,20.356232952958333
159,3783,-15.0677050948143,20.356232952958333
160,3784,-42.87117421627045,20.356232952958333
161,3785,0.8115966320037842,20.356232952958333
162,3786,-49.99447429180145,20.356232952958333
163,3787,-11.164015918970108,20.356232952958333
164,3788,17.72290015220642,20.356232952958333
165,3789,34.36333146691322,20.356232952958333
166,3790,50.014364153146744,20.356232952958333
167,3791,18.549273639917374,20.356232952958333
168,3792,25.69523487985134,20.219627830125
169,3793,20.594692707061768,20.219627830125
170,3794,24.482640102505684,20.219627830125
171,3795,18.752831503748894,20.219627830125
172,3796,19.042129054665565,20.219627830125
173,3797,24.49712346494198,20.219627830125
174,3798,28.282094821333885,20.219627830125
175,3799,22.911112666130066,20.219627830125
176,3800,12.119794934988022,20.219627830125
177,3801,-4.341565787792206,20.219627830125
178,3802,29.62975537776947,20.219627830125
179,3803,4.124646067619324,20.219627830125
180,3804,-4.113489985466003,20.219627830125
181,3805,-5.807976126670837,20.219627830125
182,3806,-2.367046594619751,20.219627830125
183,3807,-3.8757410645484924,20.219627830125
184,3808,-34.52670007944107,20.219627830125
185,3809,5.7596699595451355,20.219627830125
186,3810,-37.342505022883415,20.219627830125
187,3811,-11.332659907639027,20.219627830125
188,3812,23.85991922020912,20.219627830125
189,3813,18.940895169973373,20.219627830125
190,3814,51.49965789914131,20.219627830125
191,3815,19.225655287504196,20.219627830125
192,3816,21.624728977680206,18.583397011220836
193,3817,27.766455993056297,18.583397011220836
194,3818,13.442590847611427,18.583397011220836
195,3819,21.22863508760929,18.583397011220836
196,3820,16.851501032710075,18.583397011220836
197,3821,14.92089919745922,18.583397011220836
198,3822,21.385905161499977,18.583397011220836
199,3823,22.330209642648697,18.583397011220836
200,3824,18.3231942653656,18.583397011220836
201,3825,-1.6819463968276978,18.583397011220836
202,3826,32.080899238586426,18.583397011220836
203,3827,17.051180481910706,18.583397011220836
204,3828,0.17718923091888428,18.583397011220836
205,3829,-13.746594309806824,18.583397011220836
206,3830,49.33689093589783,18.583397011220836
207,3831,28.0214906334877,18.583397011220836
208,3832,6.414943069219589,18.583397011220836
209,3833,12.12380102276802,18.583397011220836
210,3834,-47.164278507232666,18.583397011220836
211,3835,-28.121932189911604,18.583397011220836
212,3836,13.415590345859528,18.583397011220836
213,3837,25.017050832509995,18.583397011220836
214,3838,49.43361869454384,18.583397011220836
215,3839,26.35544691979885,18.583397011220836
216,3840,29.771479323506355,19.00499116935
217,3841,20.74302951991558,19.00499116935
218,3842,31.810647159814835,19.00499116935
219,3843,19.30897106230259,19.00499116935
220,3844,13.9313495606184,19.00499116935
221,3845,27.289676249027252,19.00499116935
222,3846,18.891892969608307,19.00499116935
223,3847,21.980817019939423,19.00499116935
224,3848,6.268183052539825,19.00499116935
225,3849,-6.689837396144867,19.00499116935
226,3850,34.460046887397766,19.00499116935
227,3851,-13.555138230323792,19.00499116935
228,3852,1.6231449842453003,19.00499116935
229,3853,-31.982445240020752,19.00499116935
230,3854,7.93910276889801,19.00499116935
231,3855,4.170350551605225,19.00499116935
232,3856,-25.502439975738525,19.00499116935
233,3857,-0.2608734369277954,19.00499116935
234,3858,-46.84181286394596,19.00499116935
235,3859,-17.871411617845297,19.00499116935
236,3860,19.91801542043686,19.00499116935
237,3861,32.27861213684082,19.00499116935
238,3862,50.325503051280975,19.00499116935
239,3863,23.855109497904778,19.00499116935
240,3864,23.95067135989666,20.688058698691663
241,3865,22.68297043442726,20.688058698691663
242,3866,20.064596503973007,20.688058698691663
243,3867,17.359175637364388,20.688058698691663
244,3868,21.017025902867317,20.688058698691663
245,3869,21.7619591653347,20.688058698691663
246,3870,21.03128621727228,20.688058698691663
247,3871,26.74418354034424,20.688058698691663
248,3872,26.440780848264694,20.688058698691663
249,3873,-5.057113707065582,20.688058698691663
250,3874,33.34297585487366,20.688058698691663
251,3875,-10.269659399986267,20.688058698691663
252,3876,-4.118302226066589,20.688058698691663
253,3877,-12.686856389045715,20.688058698691663
254,3878,-2.653582215309143,20.688058698691663
255,3879,9.95294737815857,20.688058698691663
256,3880,-40.70000547170639,20.688058698691663
257,3881,3.278611481189728,20.688058698691663
258,3882,-54.62142542004585,20.688058698691663
259,3883,2.4768103323876858,20.688058698691663
260,3884,25.988914906978607,20.688058698691663
261,3885,35.02433341741562,20.688058698691663
262,3886,47.667858093976974,20.688058698691663
263,3887,19.628145307302475,20.688058698691663
264,3888,30.369809344410896,18.6110242483875
265,3889,24.473676815629005,18.6110242483875
266,3890,17.58555994927883,18.6110242483875
267,3891,22.449985444545746,18.6110242483875
268,3892,12.289726838469505,18.6110242483875
269,3893,24.106159016489983,18.6110242483875
270,3894,27.799200236797333,18.6110242483875
271,3895,17.512026473879814,18.6110242483875
272,3896,-0.35062894225120544,18.6110242483875
273,3897,-19.305128037929535,18.6110242483875
274,3898,28.76291596889496,18.6110242483875
275,3899,-1.303469181060791,18.6110242483875
276,3900,-4.150176763534546,18.6110242483875
277,3901,-13.825933933258057,18.6110242483875
278,3902,2.0294936895370483,18.6110242483875
279,3903,0.21541237831115723,18.6110242483875
280,3904,-39.163586020469666,18.6110242483875
281,3905,-6.481126666069031,18.6110242483875
282,3906,-42.603500097990036,18.6110242483875
283,3907,-25.077173590660095,18.6110242483875
284,3908,21.997299522161484,18.6110242483875
285,3909,40.587278842926025,18.6110242483875
286,3910,42.357196003198624,18.6110242483875
287,3911,27.113352939486504,18.6110242483875
288,3912,24.822408631443977,20.249020690875
289,3913,21.45097805559635,20.249020690875
290,3914,22.473843947052956,20.249020690875
291,3915,20.610906347632408,20.249020690875
292,3916,20.127122566103935,20.249020690875
293,3917,25.666212812066078,20.249020690875
294,3918,26.297258034348488,20.249020690875
295,3919,19.372902646660805,20.249020690875
296,3920,6.848917603492737,20.249020690875
297,3921,-13.04350060224533,20.249020690875
298,3922,44.54958140850067,20.249020690875
299,3923,-14.392693042755127,20.249020690875
300,3924,6.950520634651184,20.249020690875
301,3925,-21.40194284915924,20.249020690875
302,3926,-4.079217195510864,20.249020690875
303,3927,4.486325979232788,20.249020690875
304,3928,-7.885647416114807,20.249020690875
305,3929,4.950951874256134,20.249020690875
306,3930,-54.20279985666275,20.249020690875
307,3931,-9.049322474747896,20.249020690875
308,3932,17.04477170109749,20.249020690875
309,3933,57.13874047994614,20.249020690875
310,3934,39.387643188238144,20.249020690875
311,3935,25.998767346143723,20.249020690875
312,3936,28.379446536302567,19.635120056009168
313,3937,17.02362187206745,19.635120056009168
314,3938,19.483002305030823,19.635120056009168
315,3939,17.259005710482597,19.635120056009168
316,3940,22.50904044508934,19.635120056009168
317,3941,27.71585176885128,19.635120056009168
318,3942,26.69414895027876,19.635120056009168
319,3943,17.875140979886055,19.635120056009168
320,3944,5.502328157424927,19.635120056009168
321,3945,-10.98851352930069,19.635120056009168
322,3946,45.7683002948761,19.635120056009168
323,3947,-26.7097647190094,19.635120056009168
324,3948,-4.671797871589661,19.635120056009168
325,3949,-21.50665593147278,19.635120056009168
326,3950,-14.821088194847107,19.635120056009168
327,3951,-4.98469340801239,19.635120056009168
328,3952,-28.322629809379578,19.635120056009168
329,3953,1.5028527081012726,19.635120056009168
330,3954,-52.85087886452675,19.635120056009168
331,3955,-16.885796681046486,19.635120056009168
332,3956,21.32664841413498,19.635120056009168
333,3957,28.849622756242752,19.635120056009168
334,3958,54.6520009636879,19.635120056009168
335,3959,23.27275875210762,19.635120056009168
336,3960,25.350900545716286,19.8548876557625
337,3961,25.001386672258377,19.8548876557625
338,3962,23.004683926701546,19.8548876557625
339,3963,16.63380192220211,19.8548876557625
340,3964,14.425898909568787,19.8548876557625
341,3965,28.65372033417225,19.8548876557625
342,3966,36.666236750781536,19.8548876557625
343,3967,28.272364109754562,19.8548876557625
344,3968,0.2953270971775055,19.8548876557625
345,3969,-4.801843643188477,19.8548876557625
346,3970,32.57478165626526,19.8548876557625
347,3971,-7.680602669715881,19.8548876557625
348,3972,-0.6187996864318848,19.8548876557625
349,3973,-20.21208357810974,19.8548876557625
350,3974,-10.238708734512329,19.8548876557625
351,3975,34.72266232967377,19.8548876557625
352,3976,-28.6670098900795,19.8548876557625
353,3977,10.400872886180878,19.8548876557625
354,3978,-45.8054119348526,19.8548876557625
355,3979,-25.960601769387722,19.8548876557625
356,3980,10.77072086930275,19.8548876557625
357,3981,32.769980907440186,19.8548876557625
358,3982,55.45399647951126,19.8548876557625
359,3983,15.122344940900803,19.8548876557625
360,3984,24.758647486567497,18.539102888291666
361,3985,22.774113714694977,18.539102888291666
362,3986,15.06362634897232,18.539102888291666
363,3987,20.357215508818626,18.539102888291666
364,3988,14.416680797934532,18.539102888291666
365,3989,22.761147782206535,18.539102888291666
366,3990,28.5928013920784,18.539102888291666
367,3991,17.547567814588547,18.539102888291666
368,3992,14.272653102874756,18.539102888291666
369,3993,11.35212641954422,18.539102888291666
370,3994,38.578840136528015,18.539102888291666
371,3995,7.979277014732361,18.539102888291666
372,3996,5.902344703674316,18.539102888291666
373,3997,4.8423473834991455,18.539102888291666
374,3998,12.132426857948303,18.539102888291666
375,3999,3.5999563932418823,18.539102888291666
376,4000,-41.76382893323898,18.539102888291666
377,4001,3.198082208633423,18.539102888291666
378,4002,-53.952098935842514,18.539102888291666
379,4003,-9.762845948338509,18.539102888291666
380,4004,16.58166554570198,18.539102888291666
381,4005,30.90336999297142,18.539102888291666
382,4006,43.744079887866974,18.539102888291666
383,4007,17.355251476168633,18.539102888291666
384,4008,40.418511003255844,18.016700471212506
385,4009,22.324297830462456,18.016700471212506
386,4010,12.353970617055893,18.016700471212506
387,4011,22.529139444231987,18.016700471212506
388,4012,16.986754804849625,18.016700471212506
389,4013,15.704129680991173,18.016700471212506
390,4014,15.92274335026741,18.016700471212506
391,4015,10.99782708287239,18.016700471212506
392,4016,18.838828891515732,18.016700471212506
393,4017,8.67938882112503,18.016700471212506
394,4018,16.18036115169525,18.016700471212506
395,4019,19.916089296340942,18.016700471212506
396,4020,-8.871903657913208,18.016700471212506
397,4021,7.188184022903442,18.016700471212506
398,4022,24.42870807647705,18.016700471212506
399,4023,26.31170403957367,18.016700471212506
400,4024,-13.926771402359009,18.016700471212506
401,4025,3.6748466193675995,18.016700471212506
402,4026,-37.984904170036316,18.016700471212506
403,4027,-20.618768341839314,18.016700471212506
404,4028,14.726258873939514,18.016700471212506
405,4029,25.05367687344551,18.016700471212506
406,4030,51.00727865099907,18.016700471212506
407,4031,16.940627947449684,18.016700471212506
408,4032,26.382672622799873,19.312683929625
409,4033,24.763501465320587,19.312683929625
410,4034,15.385204404592514,19.312683929625
411,4035,24.76021797955036,19.312683929625
412,4036,17.453682720661163,19.312683929625
413,4037,21.371481731534004,19.312683929625
414,4038,21.621511816978455,19.312683929625
415,4039,13.875232130289078,19.312683929625
416,4040,23.358529418706894,19.312683929625
417,4041,14.197622805833817,19.312683929625
418,4042,47.71019119024277,19.312683929625
419,4043,29.391312777996063,19.312683929625
420,4044,-8.695934772491455,19.312683929625
421,4045,4.101984739303589,19.312683929625
422,4046,12.613631188869476,19.312683929625
423,4047,23.325194716453552,19.312683929625
424,4048,-28.686447620391846,19.312683929625
425,4049,6.714833170175552,19.312683929625
426,4050,-36.43087762594223,19.312683929625
427,4051,-14.649338718503714,19.312683929625
428,4052,32.07187208533287,19.312683929625
429,4053,29.752105474472046,19.312683929625
430,4054,55.10216581821442,19.312683929625
431,4055,23.333583667874336,19.312683929625
432,4056,25.55665536224842,18.603156982833333
433,4057,26.916497632861137,18.603156982833333
434,4058,18.27827836573124,18.603156982833333
435,4059,15.158646658062935,18.603156982833333
436,4060,17.160078778862953,18.603156982833333
437,4061,29.26448281109333,18.603156982833333
438,4062,18.864299282431602,18.603156982833333
439,4063,12.648139670491219,18.603156982833333
440,4064,26.119441479444504,18.603156982833333
441,4065,8.23972150683403,18.603156982833333
442,4066,30.22840839624405,18.603156982833333
443,4067,33.87705832719803,18.603156982833333
444,4068,43.46501159667969,18.603156982833333
445,4069,26.5100040435791,18.603156982833333
446,4070,16.588422551751137,18.603156982833333
447,4071,19.405814617872238,18.603156982833333
448,4072,8.33572843670845,18.603156982833333
449,4073,38.17532701790333,18.603156982833333
450,4074,-12.909191355109215,18.603156982833333
451,4075,4.4076094925403595,18.603156982833333
452,4076,19.533224433660507,18.603156982833333
453,4077,23.02298527956009,18.603156982833333
454,4078,40.60651986300945,18.603156982833333
455,4079,16.228303492069244,18.603156982833333
456,4080,19.51291896402836,16.984078912583332
457,4081,20.33123977482319,16.984078912583332
458,4082,15.007463604211807,16.984078912583332
459,4083,16.019625201821327,16.984078912583332
460,4084,13.197193816304207,16.984078912583332
461,4085,18.337031558156013,16.984078912583332
462,4086,26.338288575410843,16.984078912583332
463,4087,26.88828455656767,16.984078912583332
464,4088,16.201195240020752,16.984078912583332
465,4089,11.421263337135315,16.984078912583332
466,4090,34.809418857097626,16.984078912583332
467,4091,7.000779509544373,16.984078912583332
468,4092,2.312188148498535,16.984078912583332
469,4093,18.79910683631897,16.984078912583332
470,4094,-2.1385018825531006,16.984078912583332
471,4095,11.366174101829529,16.984078912583332
472,4096,-1.4338727593421936,16.984078912583332
473,4097,16.998810589313507,16.984078912583332
474,4098,-43.760983034968376,16.984078912583332
475,4099,-14.244148299098015,16.984078912583332
476,4100,22.11279046535492,16.984078912583332
477,4101,26.335828825831413,16.984078912583332
478,4102,54.193365693092346,16.984078912583332
479,4103,12.555622637271881,16.984078912583332
480,4104,22.485275343060493,18.68590100822917
481,4105,17.829436391592026,18.68590100822917
482,4106,18.07331071794033,18.68590100822917
483,4107,16.335310891270638,18.68590100822917
484,4108,17.326810583472252,18.68590100822917
485,4109,19.509293019771576,18.68590100822917
486,4110,22.908212177455425,18.68590100822917
487,4111,20.724950820207596,18.68590100822917
488,4112,2.39107283949852,18.68590100822917
489,4113,-16.328086972236633,18.68590100822917
490,4114,27.86334538459778,18.68590100822917
491,4115,-9.498087167739868,18.68590100822917
492,4116,13.872586607933044,18.68590100822917
493,4117,12.574264764785767,18.68590100822917
494,4118,8.974771499633789,18.68590100822917
495,4119,-4.668034791946411,18.68590100822917
496,4120,-32.26182961463928,18.68590100822917
497,4121,-0.9724926948547363,18.68590100822917
498,4122,-48.842806935310364,18.68590100822917
499,4123,-26.945074751973152,18.68590100822917
500,4124,35.86743098497391,18.68590100822917
501,4125,27.480374678969383,18.68590100822917
502,4126,47.37273508310318,18.68590100822917
503,4127,31.664436668157578,18.68590100822917
504,4128,23.43812808394432,19.554426169833334
505,4129,22.106823310256004,19.554426169833334
506,4130,18.951787054538727,19.554426169833334
507,4131,14.546809270977974,19.554426169833334
508,4132,30.003280147910118,19.554426169833334
509,4133,23.49217401444912,19.554426169833334
510,4134,32.80778298527002,19.554426169833334
511,4135,23.096420794725418,19.554426169833334
512,4136,10.588585436344147,19.554426169833334
513,4137,-4.396098017692566,19.554426169833334
514,4138,11.623644828796387,19.554426169833334
515,4139,-8.60094940662384,19.554426169833334
516,4140,-5.160916328430176,19.554426169833334
517,4141,-27.183048367500305,19.554426169833334
518,4142,-0.04981255531311035,19.554426169833334
519,4143,-7.026601076126099,19.554426169833334
520,4144,-40.31684821844101,19.554426169833334
521,4145,-14.126519620418549,19.554426169833334
522,4146,-47.03314208984375,19.554426169833334
523,4147,-20.581271842122078,19.554426169833334
524,4148,15.156583726406097,19.554426169833334
525,4149,35.0095943659544,19.554426169833334
526,4150,36.912629663944244,19.554426169833334
527,4151,28.85777659714222,19.554426169833334
528,4152,26.466047033667564,17.655859447666668
529,4153,25.44700102508068,17.655859447666668
530,4154,18.856384307146072,17.655859447666668
531,4155,13.984053537249565,17.655859447666668
532,4156,21.52640800178051,17.655859447666668
533,4157,14.499650985002518,17.655859447666668
534,4158,21.079761996865273,17.655859447666668
535,4159,15.617007434368134,17.655859447666668
536,4160,5.637306332588196,17.655859447666668
537,4161,-3.016669988632202,17.655859447666668
538,4162,13.674829125404358,17.655859447666668
539,4163,-4.984168887138367,17.655859447666668
540,4164,-8.348941683769226,17.655859447666668
541,4165,-12.191074252128601,17.655859447666668
542,4166,-5.187800765037537,17.655859447666668
543,4167,8.485166549682617,17.655859447666668
544,4168,-41.24749743938446,17.655859447666668
545,4169,-0.4243103861808777,17.655859447666668
546,4170,-54.37578582763672,17.655859447666668
547,4171,-17.925801873207092,17.655859447666668
548,4172,17.148219376802444,17.655859447666668
549,4173,37.52771016955376,17.655859447666668
550,4174,45.20267105102539,17.655859447666668
551,4175,23.32080489397049,17.655859447666668
552,4176,24.585586175322533,21.030435933566665
553,4177,26.23405958712101,21.030435933566665
554,4178,18.165714532136917,21.030435933566665
555,4179,17.52733288705349,21.030435933566665
556,4180,19.41202661395073,21.030435933566665
557,4181,22.114117562770844,21.030435933566665
558,4182,25.23934542387724,21.030435933566665
559,4183,17.770261213183403,21.030435933566665
560,4184,15.022599041461945,21.030435933566665
561,4185,-13.902864813804626,21.030435933566665
562,4186,32.80338966846466,21.030435933566665
563,4187,-2.9603458642959595,21.030435933566665
564,4188,7.725811839103699,21.030435933566665
565,4189,-11.787263035774231,21.030435933566665
566,4190,-4.549460291862488,21.030435933566665
567,4191,-12.307500720024109,21.030435933566665
568,4192,-25.973955273628235,21.030435933566665
569,4193,6.148693680763245,21.030435933566665
570,4194,-45.60650861263275,21.030435933566665
571,4195,-5.703970387578011,21.030435933566665
572,4196,35.255870908498764,21.030435933566665
573,4197,43.29467269778252,21.030435933566665
574,4198,50.869328916072845,21.030435933566665
575,4199,21.808041751384735,21.030435933566665
576,4200,29.867253571748734,18.790697410833335
577,4201,23.649752244353294,18.790697410833335
578,4202,14.435462087392807,18.790697410833335
579,4203,21.75061370432377,18.790697410833335
580,4204,16.37102361023426,18.790697410833335
581,4205,27.590007588267326,18.790697410833335
582,4206,45.446228347718716,18.790697410833335
583,4207,16.910974830389023,18.790697410833335
584,4208,1.5501390397548676,18.790697410833335
585,4209,5.546403646469116,18.790697410833335
586,4210,35.55992829799652,18.790697410833335
587,4211,15.180746912956238,18.790697410833335
588,4212,1.5363527536392212,18.790697410833335
589,4213,2.239505112171173,18.790697410833335
590,4214,8.914707005023956,18.790697410833335
591,4215,-8.95235788822174,18.790697410833335
592,4216,-26.249755561351776,18.790697410833335
593,4217,-4.787701725959778,18.790697410833335
594,4218,-58.18360820412636,18.790697410833335
595,4219,-16.386609628796577,18.790697410833335
596,4220,24.26417127251625,18.790697410833335
597,4221,31.101792737841606,18.790697410833335
598,4222,45.19875784218311,18.790697410833335
599,4223,17.61665603518486,18.790697410833335
600,4224,24.612491831183434,18.897146411583336
601,4225,26.872106283903122,18.897146411583336
602,4226,17.404597640037537,18.897146411583336
603,4227,15.458868905901909,18.897146411583336
604,4228,18.828373536467552,18.897146411583336
605,4229,23.944845855236053,18.897146411583336
606,4230,26.396775245666504,18.897146411583336
607,4231,13.991583943367004,18.897146411583336
608,4232,5.271823674440384,18.897146411583336
609,4233,-9.545936346054077,18.897146411583336
610,4234,18.16100251674652,18.897146411583336
611,4235,-4.867331862449646,18.897146411583336
612,4236,-16.83665406703949,18.897146411583336
613,4237,-19.320239901542664,18.897146411583336
614,4238,-15.10644519329071,18.897146411583336
615,4239,-1.8564034700393677,18.897146411583336
616,4240,-39.466040432453156,18.897146411583336
617,4241,-13.549811661243439,18.897146411583336
618,4242,-53.86205497384071,18.897146411583336
619,4243,-13.42124792560935,18.897146411583336
620,4244,25.75258296728134,18.897146411583336
621,4245,41.280688121914864,18.897146411583336
622,4246,50.37180241942406,18.897146411583336
623,4247,22.54155831038952,18.897146411583336
624,4248,23.570908948779106,19.416385848541665
625,4249,17.47502924501896,19.416385848541665
626,4250,22.32313434779644,19.416385848541665
627,4251,23.541040435433388,19.416385848541665
628,4252,25.844165295362473,19.416385848541665
629,4253,24.298496425151825,19.416385848541665
630,4254,23.369843162596226,19.416385848541665
631,4255,21.867527589201927,19.416385848541665
632,4256,7.341544896364212,19.416385848541665
633,4257,-15.768572449684143,19.416385848541665
634,4258,34.45851045846939,19.416385848541665
635,4259,-12.909923553466797,19.416385848541665
636,4260,-13.468202471733093,19.416385848541665
637,4261,-13.77553141117096,19.416385848541665
638,4262,-11.20588505268097,19.416385848541665
639,4263,-9.950314342975616,19.416385848541665
640,4264,-38.84834545850754,19.416385848541665
641,4265,-7.6340004205703735,19.416385848541665
642,4266,-52.98945578932762,19.416385848541665
643,4267,-18.039572328329086,19.416385848541665
644,4268,23.314418137073517,19.416385848541665
645,4269,35.32021763920784,19.416385848541665
646,4270,39.827454417943954,19.416385848541665
647,4271,27.789553835988045,19.416385848541665
648,4272,23.675421848893166,19.827086885583338
649,4273,18.240414693951607,19.827086885583338
650,4274,23.3049975335598,19.827086885583338
651,4275,22.74487330019474,19.827086885583338
652,4276,17.514230608940125,19.827086885583338
653,4277,25.13368158042431,19.827086885583338
654,4278,23.611650988459587,19.827086885583338
655,4279,18.954997554421425,19.827086885583338
656,4280,8.607459425926208,19.827086885583338
657,4281,-9.975740194320679,19.827086885583338
658,4282,35.3738659620285,19.827086885583338
659,4283,-13.81994616985321,19.827086885583338
660,4284,-5.422046422958374,19.827086885583338
661,4285,-20.72531020641327,19.827086885583338
662,4286,-7.876314401626587,19.827086885583338
663,4287,2.5607380867004395,19.827086885583338
664,4288,-35.38409334421158,19.827086885583338
665,4289,-3.2272706627845764,19.827086885583338
666,4290,-39.10441121459007,19.827086885583338
667,4291,-20.129856672137976,19.827086885583338
668,4292,30.391096979379654,19.827086885583338
669,4293,30.027048766613007,19.827086885583338
670,4294,41.957936614751816,19.827086885583338
671,4295,26.967567533254623,19.827086885583338
672,4296,28.589810952544212,19.033724326875
673,4297,18.758955016732216,19.033724326875
674,4298,21.546048775315285,19.033724326875
675,4299,17.158815637230873,19.033724326875
676,4300,19.942423716187477,19.033724326875
677,4301,21.97009687125683,19.033724326875
678,4302,20.675424091517925,19.033724326875
679,4303,36.51002712547779,19.033724326875
680,4304,12.663396298885345,19.033724326875
681,4305,-0.05968773365020752,19.033724326875
682,4306,24.336572408676147,19.033724326875
683,4307,-3.83803129196167,19.033724326875
684,4308,-4.550265192985535,19.033724326875
685,4309,-17.54299247264862,19.033724326875
686,4310,3.971794605255127,19.033724326875
687,4311,-9.92765587568283,19.033724326875
688,4312,-39.474297404289246,19.033724326875
689,4313,-9.63175755739212,19.033724326875
690,4314,-48.62426000833511,19.033724326875
691,4315,-19.488333128392696,19.033724326875
692,4316,30.7606979906559,19.033724326875
693,4317,27.81883630156517,19.033724326875
694,4318,44.753689616918564,19.033724326875
695,4319,33.405746310949326,19.033724326875
696,4320,24.059645280241966,18.993998824416668
697,4321,18.09512223303318,18.993998824416668
698,4322,23.6262304186821,18.993998824416668
699,4323,24.526631698012352,18.993998824416668
700,4324,17.04116015136242,18.993998824416668
701,4325,20.776370882987976,18.993998824416668
702,4326,17.649300381541252,18.993998824416668
703,4327,16.286817401647568,18.993998824416668
704,4328,10.090935319662094,18.993998824416668
705,4329,0.08421510457992554,18.993998824416668
706,4330,31.318301260471344,18.993998824416668
707,4331,-7.260698318481445,18.993998824416668
708,4332,1.1636772155761719,18.993998824416668
709,4333,-22.302846550941467,18.993998824416668
710,4334,16.81292414665222,18.993998824416668
711,4335,2.3240461349487305,18.993998824416668
712,4336,-22.133732795715332,18.993998824416668
713,4337,1.3391008973121643,18.993998824416668
714,4338,-35.87953394651413,18.993998824416668
715,4339,-22.220225978642702,18.993998824416668
716,4340,24.71621334552765,18.993998824416668
717,4341,26.09719727933407,18.993998824416668
718,4342,48.49497547745705,18.993998824416668
719,4343,21.65300452709198,18.993998824416668
720,4344,29.80280603468418,20.385104910208337
721,4345,22.8952918946743,20.385104910208337
722,4346,22.28968670964241,20.385104910208337
723,4347,20.91261985898018,20.385104910208337
724,4348,15.762934386730194,20.385104910208337
725,4349,17.764529511332512,20.385104910208337
726,4350,21.942016392946243,20.385104910208337
727,4351,16.243708208203316,20.385104910208337
728,4352,1.6361309587955475,20.385104910208337
729,4353,-7.708319425582886,20.385104910208337
730,4354,36.717775106430054,20.385104910208337
731,4355,-5.522097110748291,20.385104910208337
732,4356,5.495162844657898,20.385104910208337
733,4357,13.719918251037598,20.385104910208337
734,4358,2.4556275606155396,20.385104910208337
735,4359,13.710709810256958,20.385104910208337
736,4360,-30.738342583179474,20.385104910208337
737,4361,-2.1599597930908203,20.385104910208337
738,4362,-40.01663023233414,20.385104910208337
739,4363,-9.755569256842136,20.385104910208337
740,4364,24.747409284114838,20.385104910208337
741,4365,38.033170968294144,20.385104910208337
742,4366,38.309125781059265,20.385104910208337
743,4367,29.750347390770912,20.385104910208337
744,4368,21.964009806513786,21.399410001583338
745,4369,29.273682355880737,21.399410001583338
746,4370,24.429365545511246,21.399410001583338
747,4371,15.590880423784256,21.399410001583338
748,4372,22.13595286011696,21.399410001583338
749,4373,28.06355047225952,21.399410001583338
750,4374,26.784829325973988,21.399410001583338
751,4375,15.584212511777878,21.399410001583338
752,4376,14.479694962501526,21.399410001583338
753,4377,-1.03323233127594,21.399410001583338
754,4378,33.483487129211426,21.399410001583338
755,4379,-9.62909185886383,21.399410001583338
756,4380,15.240707397460938,21.399410001583338
757,4381,-24.776418685913086,21.399410001583338
758,4382,-8.746074676513672,21.399410001583338
759,4383,-10.96659791469574,21.399410001583338
760,4384,-35.771010637283325,21.399410001583338
761,4385,-13.853963077068329,21.399410001583338
762,4386,-50.68690448999405,21.399410001583338
763,4387,-25.29166316613555,21.399410001583338
764,4388,29.18376526236534,21.399410001583338
765,4389,38.039586186409,21.399410001583338
766,4390,40.55059656500816,21.399410001583338
767,4391,24.89570616185665,21.399410001583338
768,4392,29.676189467310905,22.219595879708336
769,4393,22.4073715955019,22.219595879708336
770,4394,26.101731598377228,22.219595879708336
771,4395,16.040483564138412,22.219595879708336
772,4396,22.42880403995514,22.219595879708336
773,4397,21.418856650590897,22.219595879708336
774,4398,34.201276890933514,22.219595879708336
775,4399,13.916177660226822,22.219595879708336
776,4400,30.98807328939438,22.219595879708336
777,4401,-13.826275885105133,22.219595879708336
778,4402,35.94433236122131,22.219595879708336
779,4403,-20.82190477848053,22.219595879708336
780,4404,-3.319061756134033,22.219595879708336
781,4405,-11.033005237579346,22.219595879708336
782,4406,-10.060572743415833,22.219595879708336
783,4407,4.2725441455841064,22.219595879708336
784,4408,-36.05369156599045,22.219595879708336
785,4409,-8.965861737728119,22.219595879708336
786,4410,-49.52844652533531,22.219595879708336
787,4411,-2.8332453425973654,22.219595879708336
788,4412,22.012108772993088,22.219595879708336
789,4413,42.1894396841526,22.219595879708336
790,4414,36.93267381191254,22.219595879708336
791,4415,29.82142449915409,22.219595879708336
792,4416,24.901844084262848,22.536028588195833
793,4417,29.814646661281586,22.536028588195833
794,4418,19.204446494579315,22.536028588195833
795,4419,21.889191031455994,22.536028588195833
796,4420,19.610411018133163,22.536028588195833
797,4421,23.76580798625946,22.536028588195833
798,4422,21.04248996824026,22.536028588195833
799,4423,30.55793236196041,22.536028588195833
800,4424,13.469191133975983,22.536028588195833
801,4425,-1.249661922454834,22.536028588195833
802,4426,35.33698356151581,22.536028588195833
803,4427,3.410592198371887,22.536028588195833
804,4428,27.29344379901886,22.536028588195833
805,4429,52.112929821014404,22.536028588195833
806,4430,24.604518190026283,22.536028588195833
807,4431,20.388052210211754,22.536028588195833
808,4432,20.959228098392487,22.536028588195833
809,4433,32.07811136543751,22.536028588195833
810,4434,-33.137323439121246,22.536028588195833
811,4435,5.22682473808527,22.536028588195833
812,4436,25.099578469991684,22.536028588195833
813,4437,26.167250484228134,22.536028588195833
814,4438,46.02930527925491,22.536028588195833
815,4439,14.359865993261337,22.536028588195833
816,4440,16.470885574817657,16.716603133276248
817,4441,16.461815491318703,16.716603133276248
818,4442,20.664853751659393,16.716603133276248
819,4443,16.283874213695526,16.716603133276248
820,4444,13.954457312822342,16.716603133276248
821,4445,18.831872180104256,16.716603133276248
822,4446,25.44487202167511,16.716603133276248
823,4447,12.802750244736671,16.716603133276248
824,4448,7.130139261484146,16.716603133276248
825,4449,-6.927144467830658,16.716603133276248
826,4450,25.420496582984924,16.716603133276248
827,4451,-14.386995792388916,16.716603133276248
828,4452,-10.247300386428833,16.716603133276248
829,4453,-20.508219361305237,16.716603133276248
830,4454,-23.531070590019226,16.716603133276248
831,4455,-12.152554988861084,16.716603133276248
832,4456,-41.514261066913605,16.716603133276248
833,4457,-4.574052512645721,16.716603133276248
834,4458,-55.36035558581352,16.716603133276248
835,4459,-24.429087799042463,16.716603133276248
836,4460,22.450322777032852,16.716603133276248
837,4461,41.847338646650314,16.716603133276248
838,4462,39.778833478689194,16.716603133276248
839,4463,25.700715497136116,16.716603133276248
840,4464,18.529201924800873,19.95504572129167
841,4465,24.836302250623703,19.95504572129167
842,4466,16.257166758179665,19.95504572129167
843,4467,19.237039253115654,19.95504572129167
844,4468,22.528635427355766,19.95504572129167
845,4469,15.450508326292038,19.95504572129167
846,4470,30.88248912245035,19.95504572129167
847,4471,16.72216321527958,19.95504572129167
848,4472,9.257176876068115,19.95504572129167
849,4473,-8.150901854038239,19.95504572129167
850,4474,45.04050421714783,19.95504572129167
851,4475,-4.275598645210266,19.95504572129167
852,4476,19.77140438556671,19.95504572129167
853,4477,-14.04574739933014,19.95504572129167
854,4478,-11.869172215461731,19.95504572129167
855,4479,3.9074569940567017,19.95504572129167
856,4480,-41.030500054359436,19.95504572129167
857,4481,-13.037815123796463,19.95504572129167
858,4482,-34.873368352651596,19.95504572129167
859,4483,-1.1330584287643433,19.95504572129167
860,4484,26.785216331481934,19.95504572129167
861,4485,27.165147989988327,19.95504572129167
862,4486,39.98080910742283,19.95504572129167
863,4487,22.576187178492546,19.95504572129167
864,4488,26.92522844672203,18.366497497583335
865,4489,17.81576719880104,18.366497497583335
866,4490,16.43068316578865,18.366497497583335
867,4491,16.69266228377819,18.366497497583335
868,4492,18.604436308145523,18.366497497583335
869,4493,14.730151414871216,18.366497497583335
870,4494,20.858741901814938,18.366497497583335
871,4495,20.388665825128555,18.366497497583335
872,4496,10.44261559844017,18.366497497583335
873,4497,29.028634637594223,18.366497497583335
874,4498,48.298292741179466,18.366497497583335
875,4499,-11.29432088136673,18.366497497583335
876,4500,-2.2962368726730347,18.366497497583335
877,4501,-14.961898922920227,18.366497497583335
878,4502,-0.5782151222229004,18.366497497583335
879,4503,4.417303025722504,18.366497497583335
880,4504,-24.4449183344841,18.366497497583335
881,4505,5.442074924707413,18.366497497583335
882,4506,-45.2911716401577,18.366497497583335
883,4507,-1.6814056038856506,18.366497497583335
884,4508,38.20411887764931,18.366497497583335
885,4509,37.78847202658653,18.366497497583335
886,4510,51.31099361181259,18.366497497583335
887,4511,19.084499016404152,18.366497497583335
888,4512,20.84853994846344,17.403863970291667
889,4513,18.513998180627823,17.403863970291667
890,4514,21.193873673677444,17.403863970291667
891,4515,21.7779990285635,17.403863970291667
892,4516,15.718165799975395,17.403863970291667
893,4517,15.782709419727325,17.403863970291667
894,4518,13.719303175807,17.403863970291667
895,4519,13.233142241835594,17.403863970291667
896,4520,14.674378991127014,17.403863970291667
897,4521,-7.376029431819916,17.403863970291667
898,4522,46.99589920043945,17.403863970291667
899,4523,-0.3541452884674072,17.403863970291667
900,4524,15.248303532600403,17.403863970291667
901,4525,-8.720335602760315,17.403863970291667
902,4526,-18.63654851913452,17.403863970291667
903,4527,31.40688967704773,17.403863970291667
904,4528,-2.072700262069702,17.403863970291667
905,4529,20.824328869581223,17.403863970291667
906,4530,-42.390859216451645,17.403863970291667
907,4531,-30.988935381174088,17.403863970291667
908,4532,14.825413927435875,17.403863970291667
909,4533,26.07459071278572,17.403863970291667
910,4534,39.11654409766197,17.403863970291667
911,4535,18.64605124294758,17.403863970291667
912,4536,20.952519312500954,19.318301798625
913,4537,18.531484857201576,19.318301798625
914,4538,12.88194365799427,19.318301798625
915,4539,17.64452214539051,19.318301798625
916,4540,19.84834960103035,19.318301798625
917,4541,16.729447796940804,19.318301798625
918,4542,26.145365834236145,19.318301798625
919,4543,26.716086819767952,19.318301798625
920,4544,31.760901123285294,19.318301798625
921,4545,23.555510818958282,19.318301798625
922,4546,-6.49983674287796,19.318301798625
923,4547,60.581066370010376,19.318301798625
924,4548,48.23810076713562,19.318301798625
925,4549,15.739540010690689,19.318301798625
926,4550,11.37325769662857,19.318301798625
927,4551,12.114220336079597,19.318301798625
928,4552,9.997708857059479,19.318301798625
929,4553,10.930321216583252,19.318301798625
930,4554,-11.443673364818096,19.318301798625
931,4555,25.57860819902271,19.318301798625
932,4556,27.15705206990242,19.318301798625
933,4557,25.2140371799469,19.318301798625
934,4558,45.32412678003311,19.318301798625
935,4559,26.734549805521965,19.318301798625
936,4560,22.358218923211098,17.3489386624375
937,4561,20.497382640838623,17.3489386624375
938,4562,12.816312551498413,17.3489386624375
939,4563,14.839695289731026,17.3489386624375
940,4564,21.710968390107155,17.3489386624375
941,4565,21.47307598590851,17.3489386624375
942,4566,23.483691290020943,17.3489386624375
943,4567,27.988166108727455,17.3489386624375
944,4568,2.470382958650589,17.3489386624375
945,4569,-20.340421676635742,17.3489386624375
946,4570,34.544536113739014,17.3489386624375
947,4571,-16.257563591003418,17.3489386624375
948,4572,-8.562100172042847,17.3489386624375
949,4573,-10.13570249080658,17.3489386624375
950,4574,-10.038963794708252,17.3489386624375
951,4575,-6.880837082862854,17.3489386624375
952,4576,-40.22229439020157,17.3489386624375
953,4577,1.2333580255508423,17.3489386624375
954,4578,-53.06788571178913,17.3489386624375
955,4579,-24.295697778463364,17.3489386624375
956,4580,19.581629544496536,17.3489386624375
957,4581,30.54266557097435,17.3489386624375
958,4582,46.777232587337494,17.3489386624375
959,4583,20.596514508128166,17.3489386624375
960,4584,22.575131058692932,18.800883099316668
961,4585,29.419624239206314,18.800883099316668
962,4586,21.840520560741425,18.800883099316668
963,4587,14.958918809890747,18.800883099316668
964,4588,12.985352754592896,18.800883099316668
965,4589,22.988576143980026,18.800883099316668
966,4590,27.960612416267395,18.800883099316668
967,4591,19.030563548207283,18.800883099316668
968,4592,10.61364620923996,18.800883099316668
969,4593,-7.66455352306366,18.800883099316668
970,4594,16.68765354156494,18.800883099316668
971,4595,-2.060231566429138,18.800883099316668
972,4596,-10.973329067230225,18.800883099316668
973,4597,-11.767334818840027,18.800883099316668
974,4598,-12.939170002937317,18.800883099316668
975,4599,-0.039224863052368164,18.800883099316668
976,4600,-38.78352028131485,18.800883099316668
977,4601,-3.695114403963089,18.800883099316668
978,4602,-43.837323039770126,18.800883099316668
979,4603,-22.178715467453003,18.800883099316668
980,4604,24.196111530065536,18.800883099316668
981,4605,30.98691898584366,18.800883099316668
982,4606,40.07807992398739,18.800883099316668
983,4607,24.471477925777435,18.800883099316668
984,4608,26.829237207770348,18.097854825391668
985,4609,20.807913035154343,18.097854825391668
986,4610,22.584707364439964,18.097854825391668
987,4611,16.52151021361351,18.097854825391668
988,4612,20.610416173934937,18.097854825391668
989,4613,20.088193371891975,18.097854825391668
990,4614,15.81807041913271,18.097854825391668
991,4615,24.66254596412182,18.097854825391668
992,4616,5.404287755489349,18.097854825391668
993,4617,-16.20664256811142,18.097854825391668
994,4618,38.63064515590668,18.097854825391668
995,4619,-15.31861925125122,18.097854825391668
996,4620,-7.538538098335266,18.097854825391668
997,4621,-6.185329556465149,18.097854825391668
998,4622,-15.802462816238403,18.097854825391668
999,4623,-1.704680323600769,18.097854825391668
1000,4624,-43.28298097848892,18.097854825391668
1001,4625,-12.046274214982986,18.097854825391668
1002,4626,-47.52875134348869,18.097854825391668
1003,4627,-22.59777801670134,18.097854825391668
1004,4628,21.50168028473854,18.097854825391668
1005,4629,28.61230143904686,18.097854825391668
1006,4630,47.30811420083046,18.097854825391668
1007,4631,27.641658142209053,18.097854825391668
1008,4632,29.117673456668854,20.15747530775
1009,4633,28.041191592812538,20.15747530775
1010,4634,16.502584740519524,20.15747530775
1011,4635,18.64703132212162,20.15747530775
1012,4636,25.297523453831673,20.15747530775
1013,4637,20.984633579850197,20.15747530775
1014,4638,26.189475253224373,20.15747530775
1015,4639,27.34716622531414,20.15747530775
1016,4640,2.317109704017639,20.15747530775
1017,4641,-19.589772522449493,20.15747530775
1018,4642,25.361475944519043,20.15747530775
1019,4643,-15.595960259437561,20.15747530775
1020,4644,0.91704261302948,20.15747530775
1021,4645,-36.433083295822144,20.15747530775
1022,4646,-9.380298376083374,20.15747530775
1023,4647,-21.100461661815643,20.15747530775
1024,4648,-46.12020659446716,20.15747530775
1025,4649,-5.591519147157669,20.15747530775
1026,4650,-52.52739694714546,20.15747530775
1027,4651,-15.522282734513283,20.15747530775
1028,4652,26.143820345401764,20.15747530775
1029,4653,32.314271062612534,20.15747530775
1030,4654,51.19606468081474,20.15747530775
1031,4655,22.734109312295914,20.15747530775
1032,4656,33.20047341287136,18.928000599208335
1033,4657,21.93965035676956,18.928000599208335
1034,4658,24.463200122117996,18.928000599208335
1035,4659,17.405375838279724,18.928000599208335
1036,4660,18.4655102789402,18.928000599208335
1037,4661,16.68310223519802,18.928000599208335
1038,4662,17.581537798047066,18.928000599208335
1039,4663,23.04775968194008,18.928000599208335
1040,4664,3.64761620759964,18.928000599208335
1041,4665,-5.160764098167419,18.928000599208335
1042,4666,28.435063004493713,18.928000599208335
1043,4667,-8.802869081497192,18.928000599208335
1044,4668,-0.8269443511962891,18.928000599208335
1045,4669,-12.639389157295227,18.928000599208335
1046,4670,1.3131732940673828,18.928000599208335
1047,4671,-14.515581130981445,18.928000599208335
1048,4672,-37.426716923713684,18.928000599208335
1049,4673,-7.308915197849274,18.928000599208335
1050,4674,-45.87974527478218,18.928000599208335
1051,4675,-11.426464453339577,18.928000599208335
1052,4676,10.152914211153984,18.928000599208335
1053,4677,34.01084169745445,18.928000599208335
1054,4678,43.54403629899025,18.928000599208335
1055,4679,23.965723395347595,18.928000599208335
1056,4680,26.207110807299614,20.0883582567625
1057,4681,29.751139417290688,20.0883582567625
1058,4682,21.72768771648407,20.0883582567625
1059,4683,19.54903569817543,20.0883582567625
1060,4684,16.91024650633335,20.0883582567625
1061,4685,24.784164920449257,20.0883582567625
1062,4686,23.347605511546135,20.0883582567625
1063,4687,12.419111877679825,20.0883582567625
1064,4688,14.291589677333832,20.0883582567625
1065,4689,14.98734599351883,20.0883582567625
1066,4690,50.66842782497406,20.0883582567625
1067,4691,-2.4305949211120605,20.0883582567625
1068,4692,-10.300675988197327,20.0883582567625
1069,4693,-11.106790661811829,20.0883582567625
1070,4694,-6.613258481025696,20.0883582567625
1071,4695,-0.3831350803375244,20.0883582567625
1072,4696,-36.99217277765274,20.0883582567625
1073,4697,-8.237340658903122,20.0883582567625
1074,4698,-45.033534586429596,20.0883582567625
1075,4699,-15.744115613400936,20.0883582567625
1076,4700,29.01528212428093,20.0883582567625
1077,4701,36.975077494978905,20.0883582567625
1078,4702,47.960799872875214,20.0883582567625
1079,4703,23.85240326821804,20.0883582567625
1080,4704,25.127253502607346,19.307922847291668
1081,4705,16.50234805047512,19.307922847291668
1082,4706,17.72039131820202,19.307922847291668
1083,4707,20.216319993138313,19.307922847291668
1084,4708,16.50017736852169,19.307922847291668
1085,4709,17.330682769417763,19.307922847291668
1086,4710,27.148250579833984,19.307922847291668
1087,4711,16.12367069721222,19.307922847291668
1088,4712,2.5011511743068695,19.307922847291668
1089,4713,-2.88229900598526,19.307922847291668
1090,4714,46.362120032310486,19.307922847291668
1091,4715,-14.283555150032043,19.307922847291668
1092,4716,5.4674506187438965,19.307922847291668
1093,4717,-23.567134141921997,19.307922847291668
1094,4718,-9.852752685546875,19.307922847291668
1095,4719,-8.596343278884888,19.307922847291668
1096,4720,-24.762066781520844,19.307922847291668
1097,4721,-1.6652312278747559,19.307922847291668
1098,4722,-47.42548331618309,19.307922847291668
1099,4723,-18.332019049674273,19.307922847291668
1100,4724,22.11360991001129,19.307922847291668
1101,4725,36.1562605202198,19.307922847291668
1102,4726,37.54778370261192,19.307922847291668
1103,4727,29.563012033700943,19.307922847291668
1104,4728,20.778922766447067,19.476454965416668
1105,4729,22.934182852506638,19.476454965416668
1106,4730,17.14567717909813,19.476454965416668
1107,4731,16.77601620554924,19.476454965416668
1108,4732,12.48688505589962,19.476454965416668
1109,4733,22.28503341972828,19.476454965416668
1110,4734,21.27814093232155,19.476454965416668
1111,4735,28.02070078253746,19.476454965416668
1112,4736,6.743430137634277,19.476454965416668
1113,4737,-17.473483979701996,19.476454965416668
1114,4738,29.736963629722595,19.476454965416668
1115,4739,-16.731184482574463,19.476454965416668
1116,4740,-0.7332803010940552,19.476454965416668
1117,4741,-18.143518686294556,19.476454965416668
1118,4742,-1.5759605169296265,19.476454965416668
1119,4743,-1.3319231271743774,19.476454965416668
1120,4744,-25.040772020816803,19.476454965416668
1121,4745,-7.051264584064484,19.476454965416668
1122,4746,-39.99247205257416,19.476454965416668
1123,4747,-19.794516131281853,19.476454965416668
1124,4748,22.524862378835678,19.476454965416668
1125,4749,39.249001413583755,19.476454965416668
1126,4750,48.03536319732666,19.476454965416668
1127,4751,28.136491671204567,19.476454965416668
1128,4752,27.30894000828266,21.722324648291664
1129,4753,27.377463474869728,21.722324648291664
1130,4754,21.887630373239517,21.722324648291664
1131,4755,18.882605493068695,21.722324648291664
1132,4756,22.26168818771839,21.722324648291664
1133,4757,22.49384370446205,21.722324648291664
1134,4758,24.78008897602558,21.722324648291664
1135,4759,18.259925976395607,21.722324648291664
1136,4760,7.063859283924103,21.722324648291664
1137,4761,-9.50592690706253,21.722324648291664
1138,4762,29.517635226249695,21.722324648291664
1139,4763,1.5073758363723755,21.722324648291664
1140,4764,-7.559233069419861,21.722324648291664
1141,4765,-7.397064685821533,21.722324648291664
1142,4766,-4.863788723945618,21.722324648291664
1143,4767,-5.633242726325989,21.722324648291664
1144,4768,-36.45190477371216,21.722324648291664
1145,4769,5.501944929361343,21.722324648291664
1146,4770,-42.890935599803925,21.722324648291664
1147,4771,-14.27896573767066,21.722324648291664
1148,4772,28.40525594353676,21.722324648291664
1149,4773,35.98874795436859,21.722324648291664
1150,4774,44.760998368263245,21.722324648291664
1151,4775,25.511626973748207,21.722324648291664
1152,4776,30.66284343600273,23.613235655374996
1153,4777,28.513514935970306,23.613235655374996
1154,4778,21.7665274143219,23.613235655374996
1155,4779,20.024987742304802,23.613235655374996
1156,4780,17.238065108656883,23.613235655374996
1157,4781,31.89391914010048,23.613235655374996
1158,4782,28.181700870394707,23.613235655374996
1159,4783,33.523208662867546,23.613235655374996
1160,4784,6.969996929168701,23.613235655374996
1161,4785,-10.330089211463928,23.613235655374996
1162,4786,29.908679366111755,23.613235655374996
1163,4787,6.554012894630432,23.613235655374996
1164,4788,1.256709337234497,23.613235655374996
1165,4789,-9.133167386054993,23.613235655374996
1166,4790,-2.840344190597534,23.613235655374996
1167,4791,4.127708435058594,23.613235655374996
1168,4792,-41.066043734550476,23.613235655374996
1169,4793,-8.193388134241104,23.613235655374996
1170,4794,-50.14824526011944,23.613235655374996
1171,4795,-12.248962432146072,23.613235655374996
1172,4796,26.024258881807327,23.613235655374996
1173,4797,56.58218604326248,23.613235655374996
1174,4798,39.87068048119545,23.613235655374996
1175,4799,31.806487634778023,23.613235655374996
1176,4800,28.31939086318016,22.970934802791664
1177,4801,26.542031407356262,22.970934802791664
1178,4802,22.915871277451515,22.970934802791664
1179,4803,19.738038703799248,22.970934802791664
1180,4804,23.92331163585186,22.970934802791664
1181,4805,21.862402886152267,22.970934802791664
1182,4806,29.027930602431297,22.970934802791664
1183,4807,27.178134500980377,22.970934802791664
1184,4808,12.685191959142685,22.970934802791664
1185,4809,-16.480744898319244,22.970934802791664
1186,4810,29.5206161737442,22.970934802791664
1187,4811,-11.039024233818054,22.970934802791664
1188,4812,-4.309389352798462,22.970934802791664
1189,4813,-16.578683972358704,22.970934802791664
1190,4814,-8.290179133415222,22.970934802791664
1191,4815,0.8867603540420532,22.970934802791664
1192,4816,-43.66859185695648,22.970934802791664
1193,4817,1.8790309429168701,22.970934802791664
1194,4818,-49.80098628997803,22.970934802791664
1195,4819,-12.382958240807056,22.970934802791664
1196,4820,28.27986052632332,22.970934802791664
1197,4821,39.15968078374863,22.970934802791664
1198,4822,49.86636021733284,22.970934802791664
1199,4823,22.229245588183403,22.970934802791664
1200,4824,29.33162871003151,22.506766239375
1201,4825,31.03516936302185,22.506766239375
1202,4826,24.183696538209915,22.506766239375
1203,4827,17.23959092795849,22.506766239375
1204,4828,22.37389549612999,22.506766239375
1205,4829,21.829228699207306,22.506766239375
1206,4830,18.782231599092484,22.506766239375
1207,4831,19.292558908462524,22.506766239375
1208,4832,14.076425433158875,22.506766239375
1209,4833,-2.8992660641670227,22.506766239375
1210,4834,60.11964404582977,22.506766239375
1211,4835,1.6742308139801025,22.506766239375
1212,4836,4.67652952671051,22.506766239375
1213,4837,-13.612039923667908,22.506766239375
1214,4838,7.245954275131226,22.506766239375
1215,4839,1.676984429359436,22.506766239375
1216,4840,-31.48940420150757,22.506766239375
1217,4841,4.124895989894867,22.506766239375
1218,4842,-33.33977201581001,22.506766239375
1219,4843,-19.570501148700714,22.506766239375
1220,4844,27.99952346086502,22.506766239375
1221,4845,37.75041049718857,22.506766239375
1222,4846,41.9126310646534,22.506766239375
1223,4847,30.469143450260162,22.506766239375
1224,4848,26.57340180873871,23.519055238708333
1225,4849,25.368498146533966,23.519055238708333
1226,4850,24.21744905412197,23.519055238708333
1227,4851,21.217952951788902,23.519055238708333
1228,4852,22.84738539159298,23.519055238708333
1229,4853,19.932519108057022,23.519055238708333
1230,4854,27.39631062746048,23.519055238708333
1231,4855,24.483451798558235,23.519055238708333
1232,4856,9.35131287574768,23.519055238708333
1233,4857,-9.224100112915039,23.519055238708333
1234,4858,37.53393530845642,23.519055238708333
1235,4859,0.11574053764343262,23.519055238708333
1236,4860,11.808206915855408,23.519055238708333
1237,4861,-6.649827241897583,23.519055238708333
1238,4862,11.255542397499084,23.519055238708333
1239,4863,10.055448055267334,23.519055238708333
1240,4864,-33.304938554763794,23.519055238708333
1241,4865,2.6541479229927063,23.519055238708333
1242,4866,-51.64793944358826,23.519055238708333
1243,4867,2.0977695249021053,23.519055238708333
1244,4868,33.46511325240135,23.519055238708333
1245,4869,33.417862832546234,23.519055238708333
1246,4870,49.18400925397873,23.519055238708333
1247,4871,27.712245374917984,23.519055238708333
1248,4872,30.100413247942924,27.397766987500003
1249,4873,34.00196959078312,27.397766987500003
1250,4874,19.694902330636978,27.397766987500003
1251,4875,22.1528457403183,27.397766987500003
1252,4876,20.56148238480091,27.397766987500003
1253,4877,23.921078875660896,27.397766987500003
1254,4878,40.322362557053566,27.397766987500003
1255,4879,28.655340865254402,27.397766987500003
1256,4880,22.72608968615532,27.397766987500003
1257,4881,-9.163828134536743,27.397766987500003
1258,4882,32.039067029953,27.397766987500003
1259,4883,3.742794990539551,27.397766987500003
1260,4884,7.905853629112244,27.397766987500003
1261,4885,-2.2853786945343018,27.397766987500003
1262,4886,10.707331657409668,27.397766987500003
1263,4887,5.343446731567383,27.397766987500003
1264,4888,-22.731768369674683,27.397766987500003
1265,4889,6.6599273681640625,27.397766987500003
1266,4890,-35.70968733727932,27.397766987500003
1267,4891,10.934759259223938,27.397766987500003
1268,4892,41.95057865977287,27.397766987500003
1269,4893,43.05311819911003,27.397766987500003
1270,4894,53.22218418121338,27.397766987500003
1271,4895,41.56121206283569,27.397766987500003
1272,4896,41.37989494204521,25.89516765208333
1273,4897,32.316465094685555,25.89516765208333
1274,4898,30.246022447943687,25.89516765208333
1275,4899,28.127590537071228,25.89516765208333
1276,4900,26.168267771601677,25.89516765208333
1277,4901,32.91977010667324,25.89516765208333
1278,4902,33.7777441740036,25.89516765208333
1279,4903,43.408063277602196,25.89516765208333
1280,4904,7.50951886177063,25.89516765208333
1281,4905,-1.5283297896385193,25.89516765208333
1282,4906,35.370636343955994,25.89516765208333
1283,4907,-3.432443857192993,25.89516765208333
1284,4908,-0.09282481670379639,25.89516765208333
1285,4909,-22.600161910057068,25.89516765208333
1286,4910,5.109027862548828,25.89516765208333
1287,4911,0.18386757373809814,25.89516765208333
1288,4912,-27.664705872535706,25.89516765208333
1289,4913,5.244152784347534,25.89516765208333
1290,4914,-36.059136897325516,25.89516765208333
1291,4915,-5.889787998050451,25.89516765208333
1292,4916,20.552850365638733,25.89516765208333
1293,4917,39.550449430942535,25.89516765208333
1294,4918,66.0050501525402,25.89516765208333
1295,4919,29.76850202679634,25.89516765208333
1296,4920,28.869579896330833,23.115820252333332
1297,4921,25.351011604070663,23.115820252333332
1298,4922,25.22805342078209,23.115820252333332
1299,4923,22.432265028357506,23.115820252333332
1300,4924,23.01372581720352,23.115820252333332
1301,4925,23.189166247844696,23.115820252333332
1302,4926,30.662877321243286,23.115820252333332
1303,4927,22.08990351855755,23.115820252333332
1304,4928,11.763126730918884,23.115820252333332
1305,4929,-8.934125363826752,23.115820252333332
1306,4930,54.07537877559662,23.115820252333332
1307,4931,-6.118498802185059,23.115820252333332
1308,4932,13.694101929664612,23.115820252333332
1309,4933,-15.08773124217987,23.115820252333332
1310,4934,13.475480914115906,23.115820252333332
1311,4935,5.120397090911865,23.115820252333332
1312,4936,-31.14609181880951,23.115820252333332
1313,4937,-0.06454727053642273,23.115820252333332
1314,4938,-36.51677265763283,23.115820252333332
1315,4939,-10.554421782493591,23.115820252333332
1316,4940,24.08270764350891,23.115820252333332
1317,4941,45.25144708156586,23.115820252333332
1318,4942,54.743649154901505,23.115820252333332
1319,4943,27.16098065674305,23.115820252333332
1320,4944,34.249384343624115,22.117293187833337
1321,4945,37.06543508172035,22.117293187833337
1322,4946,22.85843102633953,22.117293187833337
1323,4947,20.098039358854294,22.117293187833337
1324,4948,21.728527769446373,22.117293187833337
1325,4949,20.13333208858967,22.117293187833337
1326,4950,32.36115258932114,22.117293187833337
1327,4951,15.052274599671364,22.117293187833337
1328,4952,15.389494001865387,22.117293187833337
1329,4953,-2.825452446937561,22.117293187833337
1330,4954,49.90696573257446,22.117293187833337
1331,4955,-0.2175976037979126,22.117293187833337
1332,4956,22.102736234664917,22.117293187833337
1333,4957,-9.267918467521667,22.117293187833337
1334,4958,6.6917537450790405,22.117293187833337
1335,4959,-1.2681293487548828,22.117293187833337
1336,4960,-39.54651153087616,22.117293187833337
1337,4961,-2.404531031847,22.117293187833337
1338,4962,-45.86049281060696,22.117293187833337
1339,4963,-10.956267923116684,22.117293187833337
1340,4964,30.34374299645424,22.117293187833337
1341,4965,35.497234016656876,22.117293187833337
1342,4966,50.27778807282448,22.117293187833337
1343,4967,22.694720059633255,22.117293187833337
1344,4968,34.81290166079998,21.506695802083332
1345,4969,26.187858134508133,21.506695802083332
1346,4970,19.072746217250824,21.506695802083332
1347,4971,24.2953030616045,21.506695802083332
1348,4972,24.18139435350895,21.506695802083332
1349,4973,23.32455025613308,21.506695802083332
1350,4974,20.617662623524666,21.506695802083332
1351,4975,20.871138513088226,21.506695802083332
1352,4976,10.838441997766495,21.506695802083332
1353,4977,-14.160655319690704,21.506695802083332
1354,4978,26.886388421058655,21.506695802083332
1355,4979,-3.8023406267166138,21.506695802083332
1356,4980,0.8729531764984131,21.506695802083332
1357,4981,-4.000737428665161,21.506695802083332
1358,4982,-5.349146723747253,21.506695802083332
1359,4983,-11.062011361122131,21.506695802083332
1360,4984,-40.65776205062866,21.506695802083332
1361,4985,-3.7412259578704834,21.506695802083332
1362,4986,-44.08061662316322,21.506695802083332
1363,4987,-4.933146367780864,21.506695802083332
1364,4988,23.690983682870865,21.506695802083332
1365,4989,33.739958107471466,21.506695802083332
1366,4990,54.39434915781021,21.506695802083332
1367,4991,26.02206753194332,21.506695802083332
1368,4992,34.13017174601555,21.663721366333338
1369,4993,24.025814473628998,21.663721366333338
1370,4994,19.817534402012825,21.663721366333338
1371,4995,25.98125857114792,21.663721366333338
1372,4996,17.167853817343712,21.663721366333338
1373,4997,19.216687709093094,21.663721366333338
1374,4998,15.955119237303734,21.663721366333338
1375,4999,12.18076278269291,21.663721366333338
1376,5000,8.82216426730156,21.663721366333338
1377,5001,-7.050182819366455,21.663721366333338
1378,5002,44.03859806060791,21.663721366333338
1379,5003,-13.880625486373901,21.663721366333338
1380,5004,-1.660427451133728,21.663721366333338
1381,5005,-15.810793399810791,21.663721366333338
1382,5006,-6.725661516189575,21.663721366333338
1383,5007,-3.7494325637817383,21.663721366333338
1384,5008,-26.854291915893555,21.663721366333338
1385,5009,6.1719900369644165,21.663721366333338
1386,5010,-41.825175911188126,21.663721366333338
1387,5011,-4.86545698903501,21.663721366333338
1388,5012,19.10049745440483,21.663721366333338
1389,5013,42.094206154346466,21.663721366333338
1390,5014,43.21864974498749,21.663721366333338
1391,5015,30.763082325458527,21.663721366333338
1392,5016,21.245403677225113,22.52253542158333
1393,5017,27.516080290079117,22.52253542158333
1394,5018,24.49687074124813,22.52253542158333
1395,5019,18.879388093948364,22.52253542158333
1396,5020,19.840349555015564,22.52253542158333
1397,5021,23.534174397587776,22.52253542158333
1398,5022,14.779757335782051,22.52253542158333
1399,5023,17.232201427221298,22.52253542158333
1400,5024,21.181273818016052,22.52253542158333
1401,5025,-17.031591832637787,22.52253542158333
1402,5026,33.23427724838257,22.52253542158333
1403,5027,-9.710315108299255,22.52253542158333
1404,5028,3.5630910396575928,22.52253542158333
1405,5029,-10.612037897109985,22.52253542158333
1406,5030,-3.2786202430725098,22.52253542158333
1407,5031,-1.1730998754501343,22.52253542158333
1408,5032,-23.868590235710144,22.52253542158333
1409,5033,-1.0813832879066467,22.52253542158333
1410,5034,-32.823476046323776,22.52253542158333
1411,5035,-10.852517865598202,22.52253542158333
1412,5036,26.165985703468323,22.52253542158333
1413,5037,39.82593396306038,22.52253542158333
1414,5038,42.39446276426315,22.52253542158333
1415,5039,28.97875379025936,22.52253542158333
1416,5040,32.57376329600811,23.771336672041667
1417,5041,27.942211285233498,23.771336672041667
1418,5042,22.828706845641136,23.771336672041667
1419,5043,26.916367188096046,23.771336672041667
1420,5044,15.832549303770065,23.771336672041667
1421,5045,27.545535534620285,23.771336672041667
1422,5046,30.45541875064373,23.771336672041667
1423,5047,21.889327332377434,23.771336672041667
1424,5048,6.400278031826019,23.771336672041667
1425,5049,-5.6707064509391785,23.771336672041667
1426,5050,42.02531552314758,23.771336672041667
1427,5051,5.056924819946289,23.771336672041667
1428,5052,20.022087335586548,23.771336672041667
1429,5053,6.643989682197571,23.771336672041667
1430,5054,0.6848388910293579,23.771336672041667
1431,5055,12.275150537490845,23.771336672041667
1432,5056,-31.33929282426834,23.771336672041667
1433,5057,-1.277732491493225,23.771336672041667
1434,5058,-34.641632437705994,23.771336672041667
1435,5059,-11.710013970732689,23.771336672041667
1436,5060,19.04631993174553,23.771336672041667
1437,5061,38.171092838048935,23.771336672041667
1438,5062,46.561213076114655,23.771336672041667
1439,5063,24.530379310250282,23.771336672041667
1440,5064,24.889804258942604,22.506238023833333
1441,5065,31.20938217639923,22.506238023833333
1442,5066,23.423950046300888,22.506238023833333
1443,5067,22.184822916984558,22.506238023833333
1444,5068,24.068355605006218,22.506238023833333
1445,5069,29.75716070830822,22.506238023833333
1446,5070,26.33340834081173,22.506238023833333
1447,5071,30.0810753852129,22.506238023833333
1448,5072,16.457499355077744,22.506238023833333
1449,5073,4.319470465183258,22.506238023833333
1450,5074,36.5246707201004,22.506238023833333
1451,5075,35.54855120182037,22.506238023833333
1452,5076,9.758065581321716,22.506238023833333
1453,5077,19.8768208026886,22.506238023833333
1454,5078,20.04480642080307,22.506238023833333
1455,5079,20.060631036758423,22.506238023833333
1456,5080,-34.63659977912903,22.506238023833333
1457,5081,18.422420382499695,22.506238023833333
1458,5082,-41.09080022573471,22.506238023833333
1459,5083,-6.753497377038002,22.506238023833333
1460,5084,28.419387996196747,22.506238023833333
1461,5085,34.486262798309326,22.506238023833333
1462,5086,50.17275533080101,22.506238023833333
1463,5087,21.47140769660473,22.506238023833333
1464,5088,22.313680797815323,0.0
1465,5089,21.989240407943726,0.0
1466,5090,19.832712575793266,0.0
1467,5091,12.919116258621216,0.0
1468,5092,24.00488142669201,0.0
1469,5093,20.369036719202995,0.0
1470,5094,22.472437605261803,0.0
1471,5095,21.49147839844227,0.0
1472,5096,4.902172148227692,0.0
1473,5097,-9.053834199905396,0.0
1474,5098,21.61314022541046,0.0
1475,5099,-20.431566953659058,0.0
1476,5100,-22.828096628189087,0.0
1477,5101,-19.017974734306335,0.0
1478,5102,-4.526624441146851,0.0
1479,5103,7.526960253715515,0.0
1480,5104,-43.76444470882416,0.0
1481,5105,5.283373802900314,0.0
1482,5106,-50.23739117383957,0.0
1483,5107,-11.80616620928049,0.0
1484,5108,16.1451246291399,0.0
1485,5109,36.57083621621132,0.0
1486,5110,41.004926949739456,0.0
1487,5111,20.462967440485954,0.0
1488,5112,24.748079776763916,0.0
1489,5113,24.888792887330055,0.0
1490,5114,13.654100194573402,0.0
1491,5115,17.19314244389534,0.0
1492,5116,17.73941959440708,0.0
1493,5117,16.247889786958694,0.0
1494,5118,24.88218243420124,0.0
1495,5119,21.541896402835846,0.0
1496,5120,1.9406201243400574,0.0
1497,5121,-14.701559960842133,0.0
1498,5122,52.140244483947754,0.0
1499,5123,-4.532918930053711,0.0
1500,5124,10.036496639251709,0.0
1501,5125,-29.64884376525879,0.0
1502,5126,5.148139715194702,0.0
1503,5127,6.792312979698181,0.0
1504,5128,-17.375019013881683,0.0
1505,5129,-4.614273488521576,0.0
1506,5130,-43.38041228055954,0.0
1507,5131,-16.700961239635944,0.0
1508,5132,16.64548560976982,0.0
1509,5133,42.9086052775383,0.0
1510,5134,40.95788735151291,0.0
1511,5135,27.190789505839348,0.0
1512,5136,20.166366577148438,0.0
1513,5137,29.37051570415497,0.0
1514,5138,20.078039944171906,0.0
1515,5139,16.951125130057335,0.0
1516,5140,23.61765280365944,0.0
1517,5141,18.525774747133255,0.0
1518,5142,22.529337912797928,0.0
1519,5143,30.16174927353859,0.0
1520,5144,0.14880844950675964,0.0
1521,5145,-9.948032915592194,0.0
1522,5146,47.01453936100006,0.0
1523,5147,-19.56011462211609,0.0
1524,5148,-0.19943535327911377,0.0
1525,5149,-25.912238240242004,0.0
1526,5150,-6.811981916427612,0.0
1527,5151,-15.658692240715027,0.0
1528,5152,-27.90148490667343,0.0
1529,5153,7.444022834300995,0.0
1530,5154,-45.64995390176773,0.0
1531,5155,-19.548966022208333,0.0
1532,5156,21.74252724647522,0.0
1533,5157,29.93483927845955,0.0
1534,5158,42.82937848567963,0.0
1535,5159,19.436296105384827,0.0
1536,5160,26.664632737636566,0.0
1537,5161,22.633620411157608,0.0
1538,5162,22.382280722260475,0.0
1539,5163,19.219449505209923,0.0
1540,5164,25.87787865102291,0.0
1541,5165,13.054275810718536,0.0
1542,5166,24.466967955231667,0.0
1543,5167,12.497346803545952,0.0
1544,5168,11.708059400320053,0.0
1545,5169,13.883818924427032,0.0
1546,5170,36.83250641822815,0.0
1547,5171,-2.6640419960021973,0.0
1548,5172,18.19316291809082,0.0
1549,5173,-14.648007869720459,0.0
1550,5174,11.136631488800049,0.0
1551,5175,18.045088291168213,0.0
1552,5176,-0.004598766565322876,0.0
1553,5177,6.805561274290085,0.0
1554,5178,-36.78784555196762,0.0
1555,5179,-9.603501945734024,0.0
1556,5180,20.078655391931534,0.0
1557,5181,29.557357668876648,0.0
1558,5182,45.89606475830078,0.0
1559,5183,19.697124004364014,0.0
1560,5184,22.437205746769905,0.0
1561,5185,21.731814295053482,0.0
1562,5186,22.182154417037964,0.0
1563,5187,18.572760105133057,0.0
1564,5188,11.944713085889816,0.0
1565,5189,18.558983519673347,0.0
1566,5190,21.541493147611618,0.0
1567,5191,30.474894776940346,0.0
1568,5192,15.1243394613266,0.0
1569,5193,-3.959382265806198,0.0
1570,5194,29.03999298810959,0.0
1571,5195,5.312673211097717,0.0
1572,5196,42.582343220710754,0.0
1573,5197,7.310270071029663,0.0
1574,5198,-3.8202072381973267,0.0
1575,5199,29.156429767608643,0.0
1576,5200,-14.284726202487946,0.0
1577,5201,-8.539839088916779,0.0
1578,5202,-43.79584985971451,0.0
1579,5203,-11.55616070330143,0.0
1580,5204,17.390289694070816,0.0
1581,5205,32.01540797948837,0.0
1582,5206,53.91730496287346,0.0
1583,5207,20.22771279513836,0.0
1584,5208,25.7985051125288,0.0
1585,5209,23.791830345988274,0.0
1586,5210,18.873535990715027,0.0
1587,5211,17.56445698440075,0.0
1588,5212,17.999762907624245,0.0
1589,5213,28.5373762100935,0.0
1590,5214,29.659715488553047,0.0
1591,5215,17.029587611556053,0.0
1592,5216,14.11106190085411,0.0
1593,5217,-18.38378793001175,0.0
1594,5218,29.79570508003235,0.0
1595,5219,-16.388753056526184,0.0
1596,5220,11.608765721321106,0.0
1597,5221,-10.622967720031738,0.0
1598,5222,9.112266957759857,0.0
1599,5223,3.1573262214660645,0.0
1600,5224,-23.49606642127037,0.0
1601,5225,10.212513983249664,0.0
1602,5226,-59.56564226746559,0.0
1603,5227,-16.330385893583298,0.0
1604,5228,25.007291942834854,0.0
1605,5229,32.2038260102272,0.0
1606,5230,41.30102849006653,0.0
1607,5231,20.70426817238331,0.0
1608,5232,28.103301972150803,0.0
1609,5233,18.982097283005714,0.0
1610,5234,18.32837526500225,0.0
1611,5235,18.636491268873215,0.0
1612,5236,18.181485414505005,0.0
1613,5237,21.715699285268784,0.0
1614,5238,31.614564135670662,0.0
1615,5239,17.38259519636631,0.0
1616,5240,14.012239784002304,0.0
1617,5241,-13.979572296142578,0.0
1618,5242,35.27019214630127,0.0
1619,5243,9.179827570915222,0.0
1620,5244,32.466283440589905,0.0
1621,5245,2.2401539087295532,0.0
1622,5246,-9.36605715751648,0.0
1623,5247,-7.839484691619873,0.0
1624,5248,-39.08907836675644,0.0
1625,5249,20.766831934452057,0.0
1626,5250,-48.63353988528252,0.0
1627,5251,-9.858893364667892,0.0
1628,5252,27.605828434228897,0.0
1629,5253,30.555589377880096,0.0
1630,5254,49.42325082421303,0.0
1631,5255,23.690582990646362,0.0
1632,5256,25.91539829969406,0.0
1633,5257,23.696255296468735,0.0
1634,5258,18.490261241793633,0.0
1635,5259,18.287217795848846,0.0
1636,5260,16.199840292334557,0.0
1637,5261,18.764004945755005,0.0
1638,5262,28.440125048160553,0.0
1639,5263,28.4260246604681,0.0
1640,5264,4.349913656711578,0.0
1641,5265,-10.285394370555878,0.0
1642,5266,39.31828987598419,0.0
1643,5267,-1.8649890422821045,0.0
1644,5268,-1.616646647453308,0.0
1645,5269,-11.485678911209106,0.0
1646,5270,-14.156127691268921,0.0
1647,5271,-3.95286226272583,0.0
1648,5272,-37.93886160850525,0.0
1649,5273,-3.5239523351192474,0.0
1650,5274,-39.12336203455925,0.0
1651,5275,-12.715589590370655,0.0
1652,5276,18.492535650730133,0.0
1653,5277,32.71887958049774,0.0
1654,5278,45.961654648184776,0.0
1655,5279,23.58513216674328,0.0
1656,5280,30.45727303624153,0.0
1657,5281,23.36003577709198,0.0
1658,5282,16.868931114673615,0.0
1659,5283,15.919312119483948,0.0
1660,5284,14.01344895362854,0.0
1661,5285,21.988452970981598,0.0
1662,5286,18.82716476917267,0.0
1663,5287,21.138499706983566,0.0
1664,5288,7.7481274008750916,0.0
1665,5289,-2.8730515837669373,0.0
1666,5290,24.39217174053192,0.0
1667,5291,-4.316565752029419,0.0
1668,5292,-7.695564270019531,0.0
1669,5293,-6.318837642669678,0.0
1670,5294,6.194119215011597,0.0
1671,5295,5.484107613563538,0.0
1672,5296,-17.520908385515213,0.0
1673,5297,2.2197874188423157,0.0
1674,5298,-33.3577481508255,0.0
1675,5299,-5.458465311676264,0.0
1676,5300,14.159523725509644,0.0
1677,5301,39.98110356926918,0.0
1678,5302,42.67337483167648,0.0
1679,5303,26.572128877043724,0.0
1680,5304,30.019466400146484,0.0
1681,5305,23.520518898963928,0.0
1682,5306,22.337741315364838,0.0
1683,5307,19.79671001434326,0.0
1684,5308,18.719517156481743,0.0
1685,5309,25.71765622496605,0.0
1686,5310,32.39581356942654,0.0
1687,5311,29.657277405261993,0.0
1688,5312,21.5669237524271,0.0
1689,5313,29.26483315229416,0.0
1690,5314,40.728775203228,0.0
1691,5315,8.454565078020096,0.0
1692,5316,30.69374454021454,0.0
1693,5317,9.325640261173248,0.0
1694,5318,-8.451878786087036,0.0
1695,5319,-4.722355008125305,0.0
1696,5320,-42.504393339157104,0.0
1697,5321,-4.20470666885376,0.0
1698,5322,-47.12694366276264,0.0
1699,5323,7.8094556629657745,0.0
1700,5324,37.08212548494339,0.0
1701,5325,41.14358577132225,0.0
1702,5326,38.54148131608963,0.0
1703,5327,23.443624511361122,0.0
1704,5328,26.698422327637672,0.0
1705,5329,21.85858526825905,0.0
1706,5330,17.248949259519577,0.0
1707,5331,18.47446744143963,0.0
1708,5332,17.096375301480293,0.0
1709,5333,26.615082532167435,0.0
1710,5334,21.499543622136116,0.0
1711,5335,30.20976620912552,0.0
1712,5336,42.50863678753376,0.0
1713,5337,27.786191254854202,0.0
1714,5338,18.77215963602066,0.0
1715,5339,45.366238474845886,0.0
1716,5340,14.716491281986237,0.0
1717,5341,1.3327434062957764,0.0
1718,5342,30.122336268424988,0.0
1719,5343,52.00284826755524,0.0
1720,5344,9.110212996602058,0.0
1721,5345,18.724156349897385,0.0
1722,5346,-41.57236859202385,0.0
1723,5347,-10.227488651871681,0.0
1724,5348,18.317177444696426,0.0
1725,5349,33.59019178152084,0.0
1726,5350,41.43655300140381,0.0
1727,5351,25.895984709262848,0.0
1728,5352,21.031730577349663,0.0
1729,5353,20.674164965748787,0.0
1730,5354,13.90589226782322,0.0
1731,5355,17.257411018013954,0.0
1732,5356,14.402366057038307,0.0
1733,5357,20.397147238254547,0.0
1734,5358,19.487117677927017,0.0
1735,5359,24.260349541902542,0.0
1736,5360,7.393374413251877,0.0
1737,5361,5.237616777420044,0.0
1738,5362,54.32376855611801,0.0
1739,5363,22.589887499809265,0.0
1740,5364,43.34053522348404,0.0
1741,5365,63.824867486953735,0.0
1742,5366,24.034870892763138,0.0
1743,5367,27.320054039359093,0.0
1744,5368,6.083924293518066,0.0
1745,5369,-4.406958132982254,0.0
1746,5370,-49.61901453137398,0.0
1747,5371,3.431783512234688,0.0
1748,5372,28.10849565267563,0.0
1749,5373,38.17535498738289,0.0
1750,5374,46.593973368406296,0.0
1751,5375,17.3133302628994,0.0
1752,5376,20.692936927080154,0.0
1753,5377,16.8804312646389,0.0
1754,5378,14.97008016705513,0.0
1755,5379,22.61399617791176,0.0
1756,5380,16.57117661833763,0.0
1757,5381,20.085414081811905,0.0
1758,5382,27.799249455332756,0.0
1759,5383,21.440718859434128,0.0
1760,5384,4.18548196554184,0.0
1761,5385,-6.972012042999268,0.0
1762,5386,35.280956745147705,0.0
1763,5387,-12.14805805683136,0.0
1764,5388,-2.938970923423767,0.0
1765,5389,-15.497663736343384,0.0
1766,5390,15.338542222976685,0.0
1767,5391,-8.919790089130402,0.0
1768,5392,-32.92781603336334,0.0
1769,5393,-5.896422207355499,0.0
1770,5394,-37.5129916369915,0.0
1771,5395,-12.375795900821686,0.0
1772,5396,24.42288474738598,0.0
1773,5397,32.57224279642105,0.0
1774,5398,49.41446378827095,0.0
1775,5399,18.70349346101284,0.0
1776,5400,22.457815542817116,0.0
1777,5401,16.192298471927643,0.0
1778,5402,14.607955783605576,0.0
1779,5403,15.602429896593094,0.0
1780,5404,20.305239021778107,0.0
1781,5405,15.787870734930038,0.0
1782,5406,22.746903136372566,0.0
1783,5407,16.514933571219444,0.0
1784,5408,2.151039779186249,0.0
1785,5409,-8.37315034866333,0.0
1786,5410,29.062011122703552,0.0
1787,5411,-10.284143805503845,0.0
1788,5412,-7.955565094947815,0.0
1789,5413,-31.097250819206238,0.0
1790,5414,6.559230327606201,0.0
1791,5415,15.295778155326843,0.0
1792,5416,-18.242252945899963,0.0
1793,5417,9.597357749938965,0.0
1794,5418,-36.494682133197784,0.0
1795,5419,-20.155980303883553,0.0
1796,5420,21.443016052246094,0.0
1797,5421,33.745244324207306,0.0
1798,5422,40.33509096503258,0.0
1799,5423,27.524517714977264,0.0
1800,5424,25.443005859851837,0.0
1801,5425,23.24252638220787,0.0
1802,5426,15.696390971541405,0.0
1803,5427,18.267748683691025,0.0
1804,5428,21.086770966649055,0.0
1805,5429,30.763244152069092,0.0
1806,5430,20.341636687517166,0.0
1807,5431,27.913840726017952,0.0
1808,5432,9.377097129821777,0.0
1809,5433,-11.532222032546997,0.0
1810,5434,39.43574237823486,0.0
1811,5435,2.618086099624634,0.0
1812,5436,-11.137277364730835,0.0
1813,5437,-13.577337384223938,0.0
1814,5438,-4.89958119392395,0.0
1815,5439,-7.844319105148315,0.0
1816,5440,-25.193832516670227,0.0
1817,5441,-3.450732946395874,0.0
1818,5442,-34.420905724167824,0.0
1819,5443,-0.7163635529577732,0.0
1820,5444,25.4037973433733,0.0
1821,5445,39.5696767270565,0.0
1822,5446,42.786657840013504,0.0
1823,5447,32.47115616500378,0.0
1824,5448,30.606356739997864,0.0
1825,5449,21.92217142879963,0.0
1826,5450,27.523438289761543,0.0
1827,5451,26.429974913597107,0.0
1828,5452,23.03184711933136,0.0
1829,5453,26.186370328068733,0.0
1830,5454,33.735360994935036,0.0
1831,5455,19.188562586903572,0.0
1832,5456,6.329222738742828,0.0
1833,5457,0.8702191114425659,0.0
1834,5458,17.384721040725708,0.0
1835,5459,3.9234718084335327,0.0
1836,5460,-2.02033269405365,0.0
1837,5461,-20.40044391155243,0.0
1838,5462,7.5740896463394165,0.0
1839,5463,-4.809826016426086,0.0
1840,5464,-35.90265792608261,0.0
1841,5465,-6.173698246479034,0.0
1842,5466,-41.72407893836498,0.0
1843,5467,-3.163396418094635,0.0
1844,5468,25.985903203487396,0.0
1845,5469,53.51736077666283,0.0
1846,5470,46.53986096382141,0.0
1847,5471,28.14029973745346,0.0
1848,5472,27.064307406544685,0.0
1849,5473,21.101208850741386,0.0
1850,5474,24.13523541390896,0.0
1851,5475,23.94300837814808,0.0
1852,5476,22.42611363530159,0.0
1853,5477,25.726295098662376,0.0
1854,5478,33.962407007813454,0.0
1855,5479,26.29250305891037,0.0
1856,5480,-0.48245519399642944,0.0
1857,5481,-5.383316814899445,0.0
1858,5482,24.476906836032867,0.0
1859,5483,-6.774194836616516,0.0
1860,5484,-8.131706357002258,0.0
1861,5485,-22.710416197776794,0.0
1862,5486,9.60100519657135,0.0
1863,5487,-8.873648881912231,0.0
1864,5488,-31.709212481975555,0.0
1865,5489,-1.1438272595405579,0.0
1866,5490,-42.882366985082626,0.0
1867,5491,-4.199415050446987,0.0
1868,5492,28.969606310129166,0.0
1869,5493,45.546889513731,0.0
1870,5494,44.384159326553345,0.0
1871,5495,26.28075547516346,0.0
1872,5496,28.848182812333107,0.0
1873,5497,20.89975179731846,0.0
1874,5498,25.588138177990913,0.0
1875,5499,22.7796411216259,0.0
1876,5500,15.89950156211853,0.0
1877,5501,21.54185737669468,0.0
1878,5502,19.520044222474098,0.0
1879,5503,13.59227304160595,0.0
1880,5504,9.215649515390396,0.0
1881,5505,-8.621592104434967,0.0
1882,5506,44.67232799530029,0.0
1883,5507,-7.7830411195755005,0.0
1884,5508,11.496285557746887,0.0
1885,5509,-17.702892422676086,0.0
1886,5510,-4.246285915374756,0.0
1887,5511,0.7790710926055908,0.0
1888,5512,-36.06649398803711,0.0
1889,5513,-3.674764335155487,0.0
1890,5514,-24.79194524139166,0.0
1891,5515,1.1085581928491592,0.0
1892,5516,23.958307206630707,0.0
1893,5517,36.897780537605286,0.0
1894,5518,47.86268502473831,0.0
1895,5519,29.083850130438805,0.0
1896,5520,26.064162626862526,0.0
1897,5521,27.733427345752716,0.0
1898,5522,18.316158771514893,0.0
1899,5523,19.424796894192696,0.0
1900,5524,25.587746426463127,0.0
1901,5525,24.649437621235847,0.0
1902,5526,16.585227578878403,0.0
1903,5527,20.93271443247795,0.0
1904,5528,19.138567507267,0.0
1905,5529,7.832154810428619,0.0
1906,5530,39.39713966846466,0.0
1907,5531,-11.443989157676697,0.0
1908,5532,-4.253229975700378,0.0
1909,5533,-17.121628522872925,0.0
1910,5534,6.255803108215332,0.0
1911,5535,-7.932811975479126,0.0
1912,5536,-31.683140873908997,0.0
1913,5537,0.8441203236579895,0.0
1914,5538,-32.481017999351025,0.0
1915,5539,-10.512611865997314,0.0
1916,5540,21.80745904147625,0.0
1917,5541,43.354714184999466,0.0
1918,5542,51.53194059431553,0.0
1919,5543,33.70918954908848,0.0
1920,5544,44.150383204221725,0.0
1921,5545,23.131201773881912,0.0
1922,5546,25.94033908843994,0.0
1923,5547,22.62960021197796,0.0
1924,5548,27.061473816633224,0.0
1925,5549,26.372327610850334,0.0
1926,5550,34.28058598935604,0.0
1927,5551,29.244929015636444,0.0
1928,5552,14.792097717523575,0.0
1929,5553,-2.8731521368026733,0.0
1930,5554,14.508939027786255,0.0
1931,5555,-5.027481317520142,0.0
1932,5556,-7.036870121955872,0.0
1933,5557,-15.758398175239563,0.0
1934,5558,-9.44725477695465,0.0
1935,5559,-2.385926842689514,0.0
1936,5560,-22.290777325630188,0.0
1937,5561,33.94994583725929,0.0
1938,5562,-8.516015810891986,0.0
1939,5563,-12.229877531528473,0.0
1940,5564,20.52247729897499,0.0
1941,5565,32.5849395096302,0.0
1942,5566,46.59081445634365,0.0
1943,5567,29.788975551724434,0.0
1944,5568,22.59069038927555,0.0
1945,5569,25.697081550955772,0.0
1946,5570,27.89582049846649,0.0
1947,5571,19.750634759664536,0.0
1948,5572,18.185824140906334,0.0
1949,5573,22.23831768333912,0.0
1950,5574,25.112633481621742,0.0
1951,5575,26.55894422531128,0.0
1952,5576,10.713912516832352,0.0
1953,5577,-12.237467408180237,0.0
1954,5578,41.41716659069061,0.0
1955,5579,-0.22530221939086914,0.0
1956,5580,5.670799732208252,0.0
1957,5581,-21.826545357704163,0.0
1958,5582,5.729430913925171,0.0
1959,5583,-15.108645915985107,0.0
1960,5584,-31.8466973900795,0.0
1961,5585,5.744415879249573,0.0
1962,5586,-33.99391134083271,0.0
1963,5587,-1.1455141305923462,0.0
1964,5588,18.788994133472443,0.0
1965,5589,46.57099789381027,0.0
1966,5590,57.53064501285553,0.0
1967,5591,27.10106422007084,0.0
1968,5592,30.18720532953739,0.0
1969,5593,28.127294033765793,0.0
1970,5594,23.46298609673977,0.0
1971,5595,23.506647065281868,0.0
1972,5596,20.000617384910583,0.0
1973,5597,27.406227827072144,0.0
1974,5598,23.793867468833923,0.0
1975,5599,25.28396026790142,0.0
1976,5600,13.114924997091293,0.0
1977,5601,-3.681646943092346,0.0
1978,5602,32.609169363975525,0.0
1979,5603,0.6870908737182617,0.0
1980,5604,7.647832274436951,0.0
1981,5605,-15.304659605026245,0.0
1982,5606,-4.934638619422913,0.0
1983,5607,3.798469662666321,0.0
1984,5608,-25.517560839653015,0.0
1985,5609,7.307197272777557,0.0
1986,5610,-36.01038911938667,0.0
1987,5611,0.03707214444875717,0.0
1988,5612,17.973921567201614,0.0
1989,5613,36.96168980002403,0.0
1990,5614,45.691215217113495,0.0
1991,5615,35.896290466189384,0.0
1992,5616,26.235814318060875,0.0
1993,5617,34.338643833994865,0.0
1994,5618,20.872960284352303,0.0
1995,5619,20.50761651992798,0.0
1996,5620,23.70041063427925,0.0
1997,5621,26.24476683139801,0.0
1998,5622,34.2073048055172,0.0
1999,5623,29.505508840084076,0.0
2000,5624,13.27030935883522,0.0
2001,5625,-10.688982725143433,0.0
2002,5626,24.64166158437729,0.0
2003,5627,6.922200918197632,0.0
2004,5628,0.5741097927093506,0.0
2005,5629,-2.0025458335876465,0.0
2006,5630,6.477679371833801,0.0
2007,5631,9.600703716278076,0.0
2008,5632,-22.185822248458862,0.0
2009,5633,4.763418197631836,0.0
2010,5634,-21.817790560424328,0.0
2011,5635,-7.814353913068771,0.0
2012,5636,35.84728057682514,0.0
2013,5637,42.231836050748825,0.0
2014,5638,40.293812185525894,0.0
2015,5639,35.14053559303284,0.0
2016,5640,25.53623689711094,0.0
2017,5641,25.823563024401665,0.0
2018,5642,21.277246117591858,0.0
2019,5643,26.80367222428322,0.0
2020,5644,14.052134215831757,0.0
2021,5645,21.454908922314644,0.0
2022,5646,34.0475308150053,0.0
2023,5647,23.821719214320183,0.0
2024,5648,6.583283632993698,0.0
2025,5649,-16.73723989725113,0.0
2026,5650,34.59435594081879,0.0
2027,5651,0.11972415447235107,0.0
2028,5652,-10.357357382774353,0.0
2029,5653,-7.035915732383728,0.0
2030,5654,-2.9267866611480713,0.0
2031,5655,-2.918256998062134,0.0
2032,5656,-39.25572794675827,0.0
2033,5657,0.12010347843170166,0.0
2034,5658,-39.10389852523804,0.0
2035,5659,-12.514715313911438,0.0
2036,5660,22.072429224848747,0.0
2037,5661,39.80215919017792,0.0
2038,5662,38.184646010398865,0.0
2039,5663,29.32202361524105,0.0
2040,5664,25.26675245165825,0.0
2041,5665,26.071095943450928,0.0
2042,5666,28.495598047971725,0.0
2043,5667,21.79065875709057,0.0
2044,5668,16.99961370229721,0.0
2045,5669,23.95012703537941,0.0
2046,5670,31.602590158581734,0.0
2047,5671,16.875800356268883,0.0
2048,5672,14.162962526082993,0.0
2049,5673,21.69563901424408,0.0
2050,5674,26.558025002479553,0.0
2051,5675,-10.517943024635315,0.0
2052,5676,2.959521174430847,0.0
2053,5677,-25.438284397125244,0.0
2054,5678,-13.36288046836853,0.0
2055,5679,2.2431873083114624,0.0
2056,5680,-23.91644775867462,0.0
2057,5681,-8.2808278799057,0.0
2058,5682,-40.79895359277725,0.0
2059,5683,-3.793113052845001,0.0
2060,5684,21.022473961114883,0.0
2061,5685,40.04050877690315,0.0
2062,5686,46.29455250501633,0.0
2063,5687,26.229351803660393,0.0
2064,5688,33.328060790896416,0.0
2065,5689,22.04271064698696,0.0
2066,5690,19.12817484140396,0.0
2067,5691,22.949637532234192,0.0
2068,5692,18.048878356814384,0.0
2069,5693,21.042347729206085,0.0
2070,5694,21.536694392561913,0.0
2071,5695,21.32003679871559,0.0
2072,5696,2.7785918414592743,0.0
2073,5697,-1.5916518568992615,0.0
2074,5698,52.385921597480774,0.0
2075,5699,9.846207618713379,0.0
2076,5700,15.2850102186203,0.0
2077,5701,-12.69373607635498,0.0
2078,5702,7.1047283411026,0.0
2079,5703,-4.438344478607178,0.0
2080,5704,-27.212982833385468,0.0
2081,5705,10.150311410427094,0.0
2082,5706,-18.202816851437092,0.0
2083,5707,-10.144171178340912,0.0
2084,5708,22.960131213068962,0.0
2085,5709,39.49828188121319,0.0
2086,5710,46.09426501393318,0.0
2087,5711,28.96417312324047,0.0
2088,5712,33.18392479419708,0.0
2089,5713,24.068271055817604,0.0
2090,5714,36.18964071571827,0.0
2091,5715,20.658323243260384,0.0
2092,5716,24.45629094541073,0.0
2093,5717,28.097118601202965,0.0
2094,5718,27.216760531067848,0.0
2095,5719,13.918587177991867,0.0
2096,5720,4.176208361983299,0.0
2097,5721,-14.288310319185257,0.0
2098,5722,17.157507717609406,0.0
2099,5723,-7.847896456718445,0.0
2100,5724,-2.630083203315735,0.0
2101,5725,-4.545780301094055,0.0
2102,5726,-7.2205915451049805,0.0
2103,5727,4.943593859672546,0.0
2104,5728,-19.970882534980774,0.0
2105,5729,5.231918215751648,0.0
2106,5730,-31.486642122268677,0.0
2107,5731,-4.1822669506073,0.0
2108,5732,23.293340742588043,0.0
2109,5733,34.21211248636246,0.0
2110,5734,51.14360359311104,0.0
2111,5735,29.768054619431496,0.0
2112,5736,28.096485003829002,0.0
2113,5737,32.81771716475487,0.0
2114,5738,15.954063326120377,0.0
2115,5739,17.579269006848335,0.0
2116,5740,24.453913390636444,0.0
2117,5741,24.888664811849594,0.0
2118,5742,28.93507508933544,0.0
2119,5743,23.02591733634472,0.0
2120,5744,20.05769956111908,0.0
2121,5745,-9.565069675445557,0.0
2122,5746,21.935138642787933,0.0
2123,5747,-0.9767924547195435,0.0
2124,5748,-1.8072700500488281,0.0
2125,5749,-10.938302636146545,0.0
2126,5750,-7.794191837310791,0.0
2127,5751,9.359652042388916,0.0
2128,5752,-28.203995048999786,0.0
2129,5753,23.200410425662994,0.0
2130,5754,-32.10601633787155,0.0
2131,5755,-18.215924739837646,0.0
2132,5756,49.63917738199234,0.0
2133,5757,46.78293016552925,0.0
2134,5758,53.88522332906723,0.0
2135,5759,20.97280029952526,0.0
2136,5760,30.57625947892666,0.0
2137,5761,27.39070515334606,0.0
2138,5762,17.315995052456856,0.0
2139,5763,21.308694273233414,0.0
2140,5764,18.453606858849525,0.0
2141,5765,28.757488682866096,0.0
2142,5766,30.237864300608635,0.0
2143,5767,21.85532273352146,0.0
2144,5768,12.321310967206955,0.0
2145,5769,-3.7174928188323975,0.0
2146,5770,18.4178786277771,0.0
2147,5771,-1.9266761541366577,0.0
2148,5772,-13.69183337688446,0.0
2149,5773,-15.170691132545471,0.0
2150,5774,0.9564414024353027,0.0
2151,5775,17.29413902759552,0.0
2152,5776,-23.647000432014465,0.0
2153,5777,20.760863780975342,0.0
2154,5778,-22.870872527360916,0.0
2155,5779,-5.211242437362671,0.0
2156,5780,19.007572382688522,0.0
2157,5781,30.923614531755447,0.0
2158,5782,50.283843129873276,0.0
2159,5783,26.500362157821655,0.0
